#
# There is insufficient memory for the Java Runtime Environment to continue.
# Native memory allocation (malloc) failed to allocate 1542256 bytes. Error detail: Chunk::new
# Possible reasons:
#   The system is out of physical RAM or swap space
#   This process is running with CompressedOops enabled, and the Java Heap may be blocking the growth of the native heap
# Possible solutions:
#   Reduce memory load on the system
#   Increase physical memory or swap space
#   Check if swap backing store is full
#   Decrease Java heap size (-Xmx/-Xms)
#   Decrease number of Java threads
#   Decrease Java thread stack sizes (-Xss)
#   Set larger code cache with -XX:ReservedCodeCacheSize=
#   JVM is running with Unscaled Compressed Oops mode in which the Java heap is
#     placed in the first 4GB address space. The Java Heap base address is the
#     maximum limit for the native heap growth. Please use -XX:HeapBaseMinAddress
#     to set the Java Heap base and to place the Java Heap above 4GB virtual address.
# This output file may be truncated or incomplete.
#
#  Out of Memory Error (arena.cpp:168), pid=32124, tid=16452
#
# JRE version: OpenJDK Runtime Environment Temurin-21.0.10+7 (21.0.10+7) (build 21.0.10+7-LTS)
# Java VM: OpenJDK 64-Bit Server VM Temurin-21.0.10+7 (21.0.10+7-LTS, mixed mode, sharing, tiered, compressed oops, compressed class ptrs, g1 gc, windows-amd64)
# No core dump will be written. Minidumps are not enabled by default on client versions of Windows
#

---------------  S U M M A R Y ------------

Command Line: --add-opens=java.base/java.lang=ALL-UNNAMED --add-opens=java.base/java.lang.invoke=ALL-UNNAMED --add-opens=java.base/java.util=ALL-UNNAMED --add-opens=java.prefs/java.util.prefs=ALL-UNNAMED --add-exports=jdk.compiler/com.sun.tools.javac.api=ALL-UNNAMED --add-exports=jdk.compiler/com.sun.tools.javac.util=ALL-UNNAMED --add-opens=java.base/java.util=ALL-UNNAMED --add-opens=java.prefs/java.util.prefs=ALL-UNNAMED --add-opens=java.base/java.nio.charset=ALL-UNNAMED --add-opens=java.base/java.net=ALL-UNNAMED --add-opens=java.base/java.util.concurrent=ALL-UNNAMED --add-opens=java.base/java.util.concurrent.atomic=ALL-UNNAMED --add-opens=java.xml/javax.xml.namespace=ALL-UNNAMED --add-opens=java.base/java.time=ALL-UNNAMED -Xmx2048m -Dfile.encoding=UTF-8 -Duser.country=US -Duser.language=en -Duser.variant -javaagent:C:\Users\5PRO\.gradle\wrapper\dists\gradle-9.4.1-bin\arn2x92ynaizyzdaamcbpbhtj\gradle-9.4.1\lib\agents\gradle-instrumentation-agent-9.4.1.jar org.gradle.launcher.daemon.bootstrap.GradleDaemon 9.4.1

Host: 13th Gen Intel(R) Core(TM) i5-13500HX, 20 cores, 15G,  Windows 11 , 64 bit Build 26100 (10.0.26100.9168)
Time: Tue Aug 18 00:04:58 2026 SE Asia Standard Time elapsed time: 766.790070 seconds (0d 0h 12m 46s)

---------------  T H R E A D  ---------------

Current thread (0x000002383c3003f0):  JavaThread "C2 CompilerThread0" daemon [_thread_in_native, id=16452, stack(0x000000fc64300000,0x000000fc64400000) (1024K)]


Current CompileTask:
C2:766790 28270   !   4       java.lang.invoke.MethodHandleNatives::linkMethodHandleConstant (50 bytes)

Stack: [0x000000fc64300000,0x000000fc64400000]
Native frames: (J=compiled Java code, j=interpreted, Vv=VM code, C=native code)
V  [jvm.dll+0x6d7a39]
V  [jvm.dll+0x8b4b26]
V  [jvm.dll+0x8b70de]
V  [jvm.dll+0x8b77c3]
V  [jvm.dll+0x284346]
V  [jvm.dll+0xc66ed]
V  [jvm.dll+0xc6c31]
V  [jvm.dll+0x3bec01]
V  [jvm.dll+0x38b162]
V  [jvm.dll+0x38a5aa]
V  [jvm.dll+0x24c560]
V  [jvm.dll+0x24bb40]
V  [jvm.dll+0x1cb34e]
V  [jvm.dll+0x25b85d]
V  [jvm.dll+0x259dea]
V  [jvm.dll+0x3f857e]
V  [jvm.dll+0x85f59d]
V  [jvm.dll+0x6d626d]
C  [ucrtbase.dll+0x2cd30]
C  [KERNEL32.DLL+0x2ccb7]
C  [ntdll.dll+0xaad6c]


---------------  P R O C E S S  ---------------

Threads class SMR info:
_java_thread_list=0x00000238094cb140, length=53, elements={
0x000002381e5a3830, 0x000002383b9db9d0, 0x000002383b9de440, 0x000002383c2f6d20,
0x000002383c2f7780, 0x000002383c2fa7c0, 0x000002383c2fe180, 0x000002383c3003f0,
0x000002383c303650, 0x000002383c618c10, 0x000002383c618580, 0x000002383c6192a0,
0x000002383c619930, 0x000002383c619fc0, 0x000002387fab3770, 0x000002387fab5ed0,
0x000002387fab7280, 0x000002387fab8630, 0x000002387fab5840, 0x000002387fab99e0,
0x00000238069d8210, 0x00000238098aa500, 0x00000238095a91d0, 0x00000238095ae720,
0x00000238095acce0, 0x00000238069d88a0, 0x00000238069d8f30, 0x00000238069d95c0,
0x00000238069d9c50, 0x00000238069da2e0, 0x00000238069d7b80, 0x00000238069db000,
0x00000238069da970, 0x00000238069dddf0, 0x00000238069dc3b0, 0x000002387fab8cc0,
0x000002380e2abce0, 0x000002380e2aead0, 0x000002380e2ad090, 0x00000238913da960,
0x000002387e21b470, 0x000002387e21bb00, 0x000002380ef562f0, 0x000002380ef57010,
0x000002380ef56980, 0x0000023891bab240, 0x0000023892963530, 0x000002380e4dc440,
0x000002380e4dd7f0, 0x0000023891bab8d0, 0x0000023892960580, 0x000002380f9fab40,
0x000002380f9fd2a0
}

Java Threads: ( => current thread )
  0x000002381e5a3830 JavaThread "main"                              [_thread_blocked, id=37932, stack(0x000000fc63500000,0x000000fc63600000) (1024K)]
  0x000002383b9db9d0 JavaThread "Reference Handler"          daemon [_thread_blocked, id=23488, stack(0x000000fc63d00000,0x000000fc63e00000) (1024K)]
  0x000002383b9de440 JavaThread "Finalizer"                  daemon [_thread_blocked, id=37696, stack(0x000000fc63e00000,0x000000fc63f00000) (1024K)]
  0x000002383c2f6d20 JavaThread "Signal Dispatcher"          daemon [_thread_blocked, id=10756, stack(0x000000fc63f00000,0x000000fc64000000) (1024K)]
  0x000002383c2f7780 JavaThread "Attach Listener"            daemon [_thread_blocked, id=31352, stack(0x000000fc64000000,0x000000fc64100000) (1024K)]
  0x000002383c2fa7c0 JavaThread "Service Thread"             daemon [_thread_blocked, id=7760, stack(0x000000fc64100000,0x000000fc64200000) (1024K)]
  0x000002383c2fe180 JavaThread "Monitor Deflation Thread"   daemon [_thread_blocked, id=8688, stack(0x000000fc64200000,0x000000fc64300000) (1024K)]
=>0x000002383c3003f0 JavaThread "C2 CompilerThread0"         daemon [_thread_in_native, id=16452, stack(0x000000fc64300000,0x000000fc64400000) (1024K)]
  0x000002383c303650 JavaThread "C1 CompilerThread0"         daemon [_thread_blocked, id=32720, stack(0x000000fc64400000,0x000000fc64500000) (1024K)]
  0x000002383c618c10 JavaThread "Common-Cleaner"             daemon [_thread_blocked, id=29736, stack(0x000000fc64600000,0x000000fc64700000) (1024K)]
  0x000002383c618580 JavaThread "Notification Thread"        daemon [_thread_blocked, id=31428, stack(0x000000fc64700000,0x000000fc64800000) (1024K)]
  0x000002383c6192a0 JavaThread "Daemon health stats"               [_thread_blocked, id=33652, stack(0x000000fc64d00000,0x000000fc64e00000) (1024K)]
  0x000002383c619930 JavaThread "Incoming local TCP Connector on port 62019"        [_thread_in_native, id=27112, stack(0x000000fc64e00000,0x000000fc64f00000) (1024K)]
  0x000002383c619fc0 JavaThread "Daemon periodic checks"            [_thread_blocked, id=36968, stack(0x000000fc64f00000,0x000000fc65000000) (1024K)]
  0x000002387fab3770 JavaThread "Cache worker for journal cache (C:\Users\5PRO\.gradle\caches\journal-1)"        [_thread_blocked, id=21332, stack(0x000000fc65700000,0x000000fc65800000) (1024K)]
  0x000002387fab5ed0 JavaThread "File lock request listener"        [_thread_in_native, id=14780, stack(0x000000fc65800000,0x000000fc65900000) (1024K)]
  0x000002387fab7280 JavaThread "Cache worker for file hash cache (C:\Users\5PRO\.gradle\caches\9.4.1\fileHashes)"        [_thread_blocked, id=3512, stack(0x000000fc65900000,0x000000fc65a00000) (1024K)]
  0x000002387fab8630 JavaThread "File watcher server"        daemon [_thread_in_native, id=11472, stack(0x000000fc66900000,0x000000fc66a00000) (1024K)]
  0x000002387fab5840 JavaThread "File watcher consumer"      daemon [_thread_blocked, id=1988, stack(0x000000fc66a00000,0x000000fc66b00000) (1024K)]
  0x000002387fab99e0 JavaThread "Cache worker for file content cache (C:\Users\5PRO\.gradle\caches\9.4.1\fileContent)"        [_thread_blocked, id=31332, stack(0x000000fc66b00000,0x000000fc66c00000) (1024K)]
  0x00000238069d8210 JavaThread "Memory manager"                    [_thread_blocked, id=34436, stack(0x000000fc68400000,0x000000fc68500000) (1024K)]
  0x00000238098aa500 JavaThread "pool-3-thread-1"                   [_thread_blocked, id=36300, stack(0x000000fc68800000,0x000000fc68900000) (1024K)]
  0x00000238095a91d0 JavaThread "Daemon Thread 2"                   [_thread_blocked, id=38468, stack(0x000000fc63300000,0x000000fc63400000) (1024K)]
  0x00000238095ae720 JavaThread "Handler for socket connection from /127.0.0.1:62019 to /127.0.0.1:52249"        [_thread_in_native, id=33444, stack(0x000000fc63400000,0x000000fc63500000) (1024K)]
  0x00000238095acce0 JavaThread "Cancel handler"                    [_thread_blocked, id=34168, stack(0x000000fc64500000,0x000000fc64600000) (1024K)]
  0x00000238069d88a0 JavaThread "Daemon worker Thread 2"            [_thread_blocked, id=15136, stack(0x000000fc65000000,0x000000fc65100000) (1024K)]
  0x00000238069d8f30 JavaThread "Asynchronous log dispatcher for DefaultDaemonConnection: socket connection from /127.0.0.1:62019 to /127.0.0.1:52249"        [_thread_blocked, id=14852, stack(0x000000fc65100000,0x000000fc65200000) (1024K)]
  0x00000238069d95c0 JavaThread "Stdin handler"                     [_thread_blocked, id=28920, stack(0x000000fc65200000,0x000000fc65300000) (1024K)]
  0x00000238069d9c50 JavaThread "Daemon client event forwarder"        [_thread_blocked, id=24068, stack(0x000000fc65300000,0x000000fc65400000) (1024K)]
  0x00000238069da2e0 JavaThread "Cache worker for file hash cache (D:\TTTN\Mobile\DriverGuard\.gradle\9.4.1\fileHashes)"        [_thread_blocked, id=35328, stack(0x000000fc65400000,0x000000fc65500000) (1024K)]
  0x00000238069d7b80 JavaThread "Cache worker for Build Output Cleanup Cache (D:\TTTN\Mobile\DriverGuard\.gradle\buildOutputCleanup)"        [_thread_blocked, id=18872, stack(0x000000fc65500000,0x000000fc65600000) (1024K)]
  0x00000238069db000 JavaThread "Cache worker for checksums cache (D:\TTTN\Mobile\DriverGuard\.gradle\9.4.1\checksums)"        [_thread_blocked, id=38848, stack(0x000000fc65600000,0x000000fc65700000) (1024K)]
  0x00000238069da970 JavaThread "Cache worker for cache directory md-supplier (C:\Users\5PRO\.gradle\caches\9.4.1\md-supplier)"        [_thread_blocked, id=19716, stack(0x000000fc66600000,0x000000fc66700000) (1024K)]
  0x00000238069dddf0 JavaThread "Cache worker for cache directory md-rule (C:\Users\5PRO\.gradle\caches\9.4.1\md-rule)"        [_thread_blocked, id=29244, stack(0x000000fc66700000,0x000000fc66800000) (1024K)]
  0x00000238069dc3b0 JavaThread "Build operations"                  [_thread_blocked, id=2176, stack(0x000000fc66d00000,0x000000fc66e00000) (1024K)]
  0x000002387fab8cc0 JavaThread "build event listener"              [_thread_blocked, id=4192, stack(0x000000fc67100000,0x000000fc67200000) (1024K)]
  0x000002380e2abce0 JavaThread "pool-6-thread-1"                   [_thread_blocked, id=4412, stack(0x000000fc67300000,0x000000fc67400000) (1024K)]
  0x000002380e2aead0 JavaThread "build event listener"              [_thread_blocked, id=16928, stack(0x000000fc67400000,0x000000fc67500000) (1024K)]
  0x000002380e2ad090 JavaThread "included builds"                   [_thread_blocked, id=38884, stack(0x000000fc67500000,0x000000fc67600000) (1024K)]
  0x00000238913da960 JavaThread "Cache worker for execution history cache (D:\TTTN\Mobile\DriverGuard\.gradle\9.4.1\executionHistory)"        [_thread_blocked, id=1344, stack(0x000000fc67600000,0x000000fc67700000) (1024K)]
  0x000002387e21b470 JavaThread "Unconstrained build operations"        [_thread_blocked, id=27044, stack(0x000000fc67700000,0x000000fc67800000) (1024K)]
  0x000002387e21bb00 JavaThread "Unconstrained build operations Thread 2"        [_thread_blocked, id=7296, stack(0x000000fc67800000,0x000000fc67900000) (1024K)]
  0x000002380ef562f0 JavaThread "Unconstrained build operations Thread 3"        [_thread_blocked, id=15828, stack(0x000000fc67900000,0x000000fc67a00000) (1024K)]
  0x000002380ef57010 JavaThread "Unconstrained build operations Thread 4"        [_thread_blocked, id=36192, stack(0x000000fc67200000,0x000000fc67300000) (1024K)]
  0x000002380ef56980 JavaThread "Unconstrained build operations Thread 5"        [_thread_blocked, id=36152, stack(0x000000fc67d00000,0x000000fc67e00000) (1024K)]
  0x0000023891bab240 JavaThread "WorkerExecutor Queue"              [_thread_in_Java, id=1536, stack(0x000000fc66c00000,0x000000fc66d00000) (1024K)]
  0x0000023892963530 JavaThread "C2 CompilerThread1"         daemon [_thread_in_native, id=15468, stack(0x000000fc66800000,0x000000fc66900000) (1024K)]
  0x000002380e4dc440 JavaThread "RMI Scheduler(0)"           daemon [_thread_blocked, id=4844, stack(0x000000fc66e00000,0x000000fc66f00000) (1024K)]
  0x000002380e4dd7f0 JavaThread "RMI RenewClean-[127.0.0.1:17690,org.jetbrains.kotlin.daemon.common.LoopbackNetworkInterface$ClientLoopbackSocketFactory@2b823af5]" daemon [_thread_blocked, id=15664, stack(0x000000fc66f00000,0x000000fc67000000) (1024K)]
  0x0000023891bab8d0 JavaThread "RMI GC Daemon"              daemon [_thread_blocked, id=17404, stack(0x000000fc67000000,0x000000fc67100000) (1024K)]
  0x0000023892960580 JavaThread "C2 CompilerThread2"         daemon [_thread_in_native, id=24876, stack(0x000000fc67e00000,0x000000fc67f00000) (1024K)]
  0x000002380f9fab40 JavaThread "RMI TCP Accept-0"           daemon [_thread_in_native, id=25704, stack(0x000000fc67f00000,0x000000fc68000000) (1024K)]
  0x000002380f9fd2a0 JavaThread "RMI Reaper"                        [_thread_blocked, id=22364, stack(0x000000fc68000000,0x000000fc68100000) (1024K)]
Total: 53

Other Threads:
  0x000002383b9bc070 VMThread "VM Thread"                           [id=30820, stack(0x000000fc63c00000,0x000000fc63d00000) (1024K)]
  0x000002383c2f19e0 WatcherThread "VM Periodic Task Thread"        [id=32716, stack(0x000000fc63b00000,0x000000fc63c00000) (1024K)]
  0x000002381e5fc800 WorkerThread "GC Thread#0"                     [id=28928, stack(0x000000fc63600000,0x000000fc63700000) (1024K)]
  0x000002387e0d9060 WorkerThread "GC Thread#1"                     [id=36424, stack(0x000000fc64800000,0x000000fc64900000) (1024K)]
  0x000002387e0d9410 WorkerThread "GC Thread#2"                     [id=36616, stack(0x000000fc64900000,0x000000fc64a00000) (1024K)]
  0x000002387e0d97c0 WorkerThread "GC Thread#3"                     [id=14892, stack(0x000000fc64a00000,0x000000fc64b00000) (1024K)]
  0x000002387e0d9b70 WorkerThread "GC Thread#4"                     [id=28232, stack(0x000000fc64b00000,0x000000fc64c00000) (1024K)]
  0x000002387e0b8e60 WorkerThread "GC Thread#5"                     [id=30592, stack(0x000000fc64c00000,0x000000fc64d00000) (1024K)]
  0x000002387fa75190 WorkerThread "GC Thread#6"                     [id=30168, stack(0x000000fc65a00000,0x000000fc65b00000) (1024K)]
  0x000002387fa73b70 WorkerThread "GC Thread#7"                     [id=29432, stack(0x000000fc65b00000,0x000000fc65c00000) (1024K)]
  0x000002387fa737c0 WorkerThread "GC Thread#8"                     [id=38744, stack(0x000000fc65c00000,0x000000fc65d00000) (1024K)]
  0x000002387fa74680 WorkerThread "GC Thread#9"                     [id=27916, stack(0x000000fc65d00000,0x000000fc65e00000) (1024K)]
  0x000002387fa74a30 WorkerThread "GC Thread#10"                    [id=16064, stack(0x000000fc65e00000,0x000000fc65f00000) (1024K)]
  0x0000023805f5cb80 WorkerThread "GC Thread#11"                    [id=37028, stack(0x000000fc65f00000,0x000000fc66000000) (1024K)]
  0x0000023805f59080 WorkerThread "GC Thread#12"                    [id=3156, stack(0x000000fc66000000,0x000000fc66100000) (1024K)]
  0x0000023805f59430 WorkerThread "GC Thread#13"                    [id=37564, stack(0x000000fc66100000,0x000000fc66200000) (1024K)]
  0x0000023805f597e0 WorkerThread "GC Thread#14"                    [id=5872, stack(0x000000fc66200000,0x000000fc66300000) (1024K)]
  0x000002381e60d700 ConcurrentGCThread "G1 Main Marker"            [id=27416, stack(0x000000fc63700000,0x000000fc63800000) (1024K)]
  0x000002381e60e940 WorkerThread "G1 Conc#0"                       [id=24376, stack(0x000000fc63800000,0x000000fc63900000) (1024K)]
  0x0000023805f59b90 WorkerThread "G1 Conc#1"                       [id=30292, stack(0x000000fc66300000,0x000000fc66400000) (1024K)]
  0x0000023805f5b560 WorkerThread "G1 Conc#2"                       [id=12796, stack(0x000000fc66400000,0x000000fc66500000) (1024K)]
  0x0000023805f59f40 WorkerThread "G1 Conc#3"                       [id=23960, stack(0x000000fc66500000,0x000000fc66600000) (1024K)]
  0x000002383b8f4150 ConcurrentGCThread "G1 Refine#0"               [id=38324, stack(0x000000fc63900000,0x000000fc63a00000) (1024K)]
  0x000002383b8f5990 ConcurrentGCThread "G1 Service"                [id=9612, stack(0x000000fc63a00000,0x000000fc63b00000) (1024K)]
Total: 24

Threads with active compile tasks:
C2 CompilerThread0  766801 28270   !   4       java.lang.invoke.MethodHandleNatives::linkMethodHandleConstant (50 bytes)
C2 CompilerThread1  766801 28271       4       java.lang.invoke.MethodHandles$Lookup::linkMethodHandleConstant (223 bytes)
C2 CompilerThread2  766801 28340   !   4       java.io.ObjectOutputStream::writeObject0 (620 bytes)
Total: 3

VM state: not at safepoint (normal execution)

VM Mutex/Monitor currently owned by a thread: None

Heap address: 0x0000000080000000, size: 2048 MB, Compressed Oops mode: 32-bit

CDS archive(s) mapped at: [0x000002383d000000-0x000002383dc80000-0x000002383dc80000), size 13107200, SharedBaseAddress: 0x000002383d000000, ArchiveRelocationMode: 1.
Compressed class space mapped at: 0x000002383e000000-0x000002387e000000, reserved size: 1073741824
Narrow klass base: 0x000002383d000000, Narrow klass shift: 0, Narrow klass range: 0x100000000

GC Precious Log:
 CardTable entry size: 512
 Card Set container configuration: InlinePtr #cards 5 size 8 Array Of Cards #cards 12 size 40 Howl #buckets 4 coarsen threshold 1843 Howl Bitmap #cards 512 size 80 coarsen threshold 460 Card regions per heap region 1 cards per card region 2048
 CPUs: 20 total, 20 available
 Memory: 16123M
 Large Page Support: Disabled
 NUMA Support: Disabled
 Compressed Oops: Enabled (32-bit)
 Heap Region Size: 1M
 Heap Min Capacity: 8M
 Heap Initial Capacity: 252M
 Heap Max Capacity: 2G
 Pre-touch: Disabled
 Parallel Workers: 15
 Concurrent Workers: 4
 Concurrent Refinement Workers: 15
 Periodic GC: Disabled

Heap:
 garbage-first heap   total 362496K, used 250560K [0x0000000080000000, 0x0000000100000000)
  region size 1024K, 69 young (70656K), 3 survivors (3072K)
 Metaspace       used 191186K, committed 193856K, reserved 1245184K
  class space    used 24195K, committed 25536K, reserved 1048576K

Heap Regions: E=young(eden), S=young(survivor), O=old, HS=humongous(starts), HC=humongous(continues), CS=collection set, F=free, TAMS=top-at-mark-start, PB=parsable bottom
|   0|0x0000000080000000, 0x0000000080100000, 0x0000000080100000|100%|HS|  |TAMS 0x0000000080000000| PB 0x0000000080000000| Complete 
|   1|0x0000000080100000, 0x0000000080200000, 0x0000000080200000|100%|HC|  |TAMS 0x0000000080100000| PB 0x0000000080100000| Complete 
|   2|0x0000000080200000, 0x0000000080300000, 0x0000000080300000|100%|HC|  |TAMS 0x0000000080200000| PB 0x0000000080200000| Complete 
|   3|0x0000000080300000, 0x0000000080400000, 0x0000000080400000|100%|HC|  |TAMS 0x0000000080300000| PB 0x0000000080300000| Complete 
|   4|0x0000000080400000, 0x0000000080500000, 0x0000000080500000|100%| O|  |TAMS 0x0000000080400000| PB 0x0000000080400000| Untracked 
|   5|0x0000000080500000, 0x0000000080600000, 0x0000000080600000|100%| O|  |TAMS 0x0000000080500000| PB 0x0000000080500000| Untracked 
|   6|0x0000000080600000, 0x0000000080700000, 0x0000000080700000|100%| O|  |TAMS 0x0000000080600000| PB 0x0000000080600000| Untracked 
|   7|0x0000000080700000, 0x0000000080800000, 0x0000000080800000|100%| O|  |TAMS 0x0000000080700000| PB 0x0000000080700000| Untracked 
|   8|0x0000000080800000, 0x0000000080900000, 0x0000000080900000|100%|HS|  |TAMS 0x0000000080800000| PB 0x0000000080800000| Complete 
|   9|0x0000000080900000, 0x0000000080a00000, 0x0000000080a00000|100%| O|  |TAMS 0x0000000080900000| PB 0x0000000080900000| Untracked 
|  10|0x0000000080a00000, 0x0000000080b00000, 0x0000000080b00000|100%| O|  |TAMS 0x0000000080a00000| PB 0x0000000080a00000| Untracked 
|  11|0x0000000080b00000, 0x0000000080c00000, 0x0000000080c00000|100%| O|  |TAMS 0x0000000080b00000| PB 0x0000000080b00000| Untracked 
|  12|0x0000000080c00000, 0x0000000080cd4e78, 0x0000000080d00000| 83%| O|  |TAMS 0x0000000080c00000| PB 0x0000000080c00000| Untracked 
|  13|0x0000000080d00000, 0x0000000080e00000, 0x0000000080e00000|100%| O|  |TAMS 0x0000000080d00000| PB 0x0000000080d00000| Untracked 
|  14|0x0000000080e00000, 0x0000000080f00000, 0x0000000080f00000|100%| O|  |TAMS 0x0000000080e00000| PB 0x0000000080e00000| Untracked 
|  15|0x0000000080f00000, 0x0000000081000000, 0x0000000081000000|100%| O|  |TAMS 0x0000000080f00000| PB 0x0000000080f00000| Untracked 
|  16|0x0000000081000000, 0x0000000081100000, 0x0000000081100000|100%| O|  |TAMS 0x0000000081000000| PB 0x0000000081000000| Untracked 
|  17|0x0000000081100000, 0x0000000081200000, 0x0000000081200000|100%| O|  |TAMS 0x0000000081100000| PB 0x0000000081100000| Untracked 
|  18|0x0000000081200000, 0x0000000081300000, 0x0000000081300000|100%| O|  |TAMS 0x0000000081200000| PB 0x0000000081200000| Untracked 
|  19|0x0000000081300000, 0x0000000081400000, 0x0000000081400000|100%| O|  |TAMS 0x0000000081300000| PB 0x0000000081300000| Untracked 
|  20|0x0000000081400000, 0x0000000081500000, 0x0000000081500000|100%| O|  |TAMS 0x0000000081400000| PB 0x0000000081400000| Untracked 
|  21|0x0000000081500000, 0x0000000081600000, 0x0000000081600000|100%| O|  |TAMS 0x0000000081500000| PB 0x0000000081500000| Untracked 
|  22|0x0000000081600000, 0x0000000081700000, 0x0000000081700000|100%| O|  |TAMS 0x0000000081600000| PB 0x0000000081600000| Untracked 
|  23|0x0000000081700000, 0x0000000081800000, 0x0000000081800000|100%| O|  |TAMS 0x0000000081700000| PB 0x0000000081700000| Untracked 
|  24|0x0000000081800000, 0x0000000081900000, 0x0000000081900000|100%| O|  |TAMS 0x0000000081800000| PB 0x0000000081800000| Untracked 
|  25|0x0000000081900000, 0x0000000081a00000, 0x0000000081a00000|100%| O|  |TAMS 0x0000000081900000| PB 0x0000000081900000| Untracked 
|  26|0x0000000081a00000, 0x0000000081b00000, 0x0000000081b00000|100%| O|  |TAMS 0x0000000081a00000| PB 0x0000000081a00000| Untracked 
|  27|0x0000000081b00000, 0x0000000081c00000, 0x0000000081c00000|100%| O|  |TAMS 0x0000000081b00000| PB 0x0000000081b00000| Untracked 
|  28|0x0000000081c00000, 0x0000000081d00000, 0x0000000081d00000|100%| O|  |TAMS 0x0000000081c00000| PB 0x0000000081c00000| Untracked 
|  29|0x0000000081d00000, 0x0000000081e00000, 0x0000000081e00000|100%| O|  |TAMS 0x0000000081d00000| PB 0x0000000081d00000| Untracked 
|  30|0x0000000081e00000, 0x0000000081f00000, 0x0000000081f00000|100%| O|  |TAMS 0x0000000081e00000| PB 0x0000000081e00000| Untracked 
|  31|0x0000000081f00000, 0x0000000082000000, 0x0000000082000000|100%| O|  |TAMS 0x0000000081f00000| PB 0x0000000081f00000| Untracked 
|  32|0x0000000082000000, 0x0000000082100000, 0x0000000082100000|100%| O|  |TAMS 0x0000000082000000| PB 0x0000000082000000| Untracked 
|  33|0x0000000082100000, 0x0000000082200000, 0x0000000082200000|100%| O|  |TAMS 0x0000000082100000| PB 0x0000000082100000| Untracked 
|  34|0x0000000082200000, 0x0000000082300000, 0x0000000082300000|100%| O|Cm|TAMS 0x0000000082200000| PB 0x0000000082200000| Complete 
|  35|0x0000000082300000, 0x0000000082400000, 0x0000000082400000|100%| O|  |TAMS 0x0000000082300000| PB 0x0000000082300000| Untracked 
|  36|0x0000000082400000, 0x0000000082500000, 0x0000000082500000|100%| O|  |TAMS 0x0000000082400000| PB 0x0000000082400000| Untracked 
|  37|0x0000000082500000, 0x0000000082600000, 0x0000000082600000|100%| O|  |TAMS 0x0000000082500000| PB 0x0000000082500000| Untracked 
|  38|0x0000000082600000, 0x0000000082700000, 0x0000000082700000|100%| O|  |TAMS 0x0000000082600000| PB 0x0000000082600000| Untracked 
|  39|0x0000000082700000, 0x0000000082800000, 0x0000000082800000|100%| O|  |TAMS 0x0000000082700000| PB 0x0000000082700000| Untracked 
|  40|0x0000000082800000, 0x0000000082900000, 0x0000000082900000|100%| O|  |TAMS 0x0000000082800000| PB 0x0000000082800000| Untracked 
|  41|0x0000000082900000, 0x0000000082a00000, 0x0000000082a00000|100%| O|  |TAMS 0x0000000082900000| PB 0x0000000082900000| Untracked 
|  42|0x0000000082a00000, 0x0000000082b00000, 0x0000000082b00000|100%| O|  |TAMS 0x0000000082a00000| PB 0x0000000082a00000| Untracked 
|  43|0x0000000082b00000, 0x0000000082c00000, 0x0000000082c00000|100%| O|  |TAMS 0x0000000082b00000| PB 0x0000000082b00000| Untracked 
|  44|0x0000000082c00000, 0x0000000082d00000, 0x0000000082d00000|100%|HS|  |TAMS 0x0000000082c00000| PB 0x0000000082c00000| Complete 
|  45|0x0000000082d00000, 0x0000000082e00000, 0x0000000082e00000|100%|HS|  |TAMS 0x0000000082d00000| PB 0x0000000082d00000| Complete 
|  46|0x0000000082e00000, 0x0000000082f00000, 0x0000000082f00000|100%|HS|  |TAMS 0x0000000082e00000| PB 0x0000000082e00000| Complete 
|  47|0x0000000082f00000, 0x0000000083000000, 0x0000000083000000|100%|HC|  |TAMS 0x0000000082f00000| PB 0x0000000082f00000| Complete 
|  48|0x0000000083000000, 0x0000000083100000, 0x0000000083100000|100%|HS|  |TAMS 0x0000000083000000| PB 0x0000000083000000| Complete 
|  49|0x0000000083100000, 0x0000000083200000, 0x0000000083200000|100%|HS|  |TAMS 0x0000000083100000| PB 0x0000000083100000| Complete 
|  50|0x0000000083200000, 0x0000000083300000, 0x0000000083300000|100%| O|  |TAMS 0x0000000083200000| PB 0x0000000083200000| Untracked 
|  51|0x0000000083300000, 0x0000000083400000, 0x0000000083400000|100%|HS|  |TAMS 0x0000000083300000| PB 0x0000000083300000| Complete 
|  52|0x0000000083400000, 0x0000000083500000, 0x0000000083500000|100%|HS|  |TAMS 0x0000000083400000| PB 0x0000000083400000| Complete 
|  53|0x0000000083500000, 0x0000000083600000, 0x0000000083600000|100%|HS|  |TAMS 0x0000000083500000| PB 0x0000000083500000| Complete 
|  54|0x0000000083600000, 0x0000000083700000, 0x0000000083700000|100%|HC|  |TAMS 0x0000000083600000| PB 0x0000000083600000| Complete 
|  55|0x0000000083700000, 0x0000000083800000, 0x0000000083800000|100%| O|  |TAMS 0x0000000083700000| PB 0x0000000083700000| Untracked 
|  56|0x0000000083800000, 0x0000000083900000, 0x0000000083900000|100%| O|  |TAMS 0x0000000083800000| PB 0x0000000083800000| Untracked 
|  57|0x0000000083900000, 0x0000000083a00000, 0x0000000083a00000|100%| O|  |TAMS 0x0000000083900000| PB 0x0000000083900000| Untracked 
|  58|0x0000000083a00000, 0x0000000083b00000, 0x0000000083b00000|100%| O|  |TAMS 0x0000000083a00000| PB 0x0000000083a00000| Untracked 
|  59|0x0000000083b00000, 0x0000000083c00000, 0x0000000083c00000|100%| O|  |TAMS 0x0000000083b00000| PB 0x0000000083b00000| Untracked 
|  60|0x0000000083c00000, 0x0000000083d00000, 0x0000000083d00000|100%| O|  |TAMS 0x0000000083c00000| PB 0x0000000083c00000| Untracked 
|  61|0x0000000083d00000, 0x0000000083e00000, 0x0000000083e00000|100%| O|  |TAMS 0x0000000083d00000| PB 0x0000000083d00000| Untracked 
|  62|0x0000000083e00000, 0x0000000083f00000, 0x0000000083f00000|100%|HS|  |TAMS 0x0000000083e00000| PB 0x0000000083e00000| Complete 
|  63|0x0000000083f00000, 0x0000000084000000, 0x0000000084000000|100%| O|  |TAMS 0x0000000083f00000| PB 0x0000000083f00000| Untracked 
|  64|0x0000000084000000, 0x0000000084100000, 0x0000000084100000|100%| O|  |TAMS 0x0000000084000000| PB 0x0000000084000000| Untracked 
|  65|0x0000000084100000, 0x0000000084200000, 0x0000000084200000|100%|HS|  |TAMS 0x0000000084100000| PB 0x0000000084100000| Complete 
|  66|0x0000000084200000, 0x0000000084300000, 0x0000000084300000|100%|HS|  |TAMS 0x0000000084200000| PB 0x0000000084200000| Complete 
|  67|0x0000000084300000, 0x0000000084300000, 0x0000000084400000|  0%| F|  |TAMS 0x0000000084300000| PB 0x0000000084300000| Untracked 
|  68|0x0000000084400000, 0x0000000084500000, 0x0000000084500000|100%| O|  |TAMS 0x0000000084400000| PB 0x0000000084400000| Untracked 
|  69|0x0000000084500000, 0x0000000084600000, 0x0000000084600000|100%| O|  |TAMS 0x0000000084500000| PB 0x0000000084500000| Untracked 
|  70|0x0000000084600000, 0x0000000084700000, 0x0000000084700000|100%| O|Cm|TAMS 0x0000000084600000| PB 0x0000000084600000| Complete 
|  71|0x0000000084700000, 0x0000000084800000, 0x0000000084800000|100%| O|Cm|TAMS 0x0000000084700000| PB 0x0000000084700000| Complete 
|  72|0x0000000084800000, 0x0000000084900000, 0x0000000084900000|100%| O|  |TAMS 0x0000000084800000| PB 0x0000000084800000| Untracked 
|  73|0x0000000084900000, 0x0000000084a00000, 0x0000000084a00000|100%| O|Cm|TAMS 0x0000000084900000| PB 0x0000000084900000| Complete 
|  74|0x0000000084a00000, 0x0000000084b00000, 0x0000000084b00000|100%| O|  |TAMS 0x0000000084a00000| PB 0x0000000084a00000| Untracked 
|  75|0x0000000084b00000, 0x0000000084c00000, 0x0000000084c00000|100%| O|  |TAMS 0x0000000084b00000| PB 0x0000000084b00000| Untracked 
|  76|0x0000000084c00000, 0x0000000084d00000, 0x0000000084d00000|100%| O|  |TAMS 0x0000000084c00000| PB 0x0000000084c00000| Untracked 
|  77|0x0000000084d00000, 0x0000000084d00000, 0x0000000084e00000|  0%| F|  |TAMS 0x0000000084d00000| PB 0x0000000084d00000| Untracked 
|  78|0x0000000084e00000, 0x0000000084f00000, 0x0000000084f00000|100%| O|  |TAMS 0x0000000084e00000| PB 0x0000000084e00000| Untracked 
|  79|0x0000000084f00000, 0x0000000085000000, 0x0000000085000000|100%| O|  |TAMS 0x0000000084f00000| PB 0x0000000084f00000| Untracked 
|  80|0x0000000085000000, 0x0000000085100000, 0x0000000085100000|100%| O|  |TAMS 0x0000000085000000| PB 0x0000000085000000| Untracked 
|  81|0x0000000085100000, 0x0000000085200000, 0x0000000085200000|100%| O|  |TAMS 0x0000000085100000| PB 0x0000000085100000| Untracked 
|  82|0x0000000085200000, 0x0000000085300000, 0x0000000085300000|100%| O|  |TAMS 0x0000000085200000| PB 0x0000000085200000| Untracked 
|  83|0x0000000085300000, 0x0000000085400000, 0x0000000085400000|100%| O|  |TAMS 0x0000000085300000| PB 0x0000000085300000| Untracked 
|  84|0x0000000085400000, 0x0000000085500000, 0x0000000085500000|100%| O|  |TAMS 0x0000000085400000| PB 0x0000000085400000| Untracked 
|  85|0x0000000085500000, 0x0000000085600000, 0x0000000085600000|100%| O|  |TAMS 0x0000000085500000| PB 0x0000000085500000| Untracked 
|  86|0x0000000085600000, 0x0000000085700000, 0x0000000085700000|100%| O|  |TAMS 0x0000000085600000| PB 0x0000000085600000| Untracked 
|  87|0x0000000085700000, 0x0000000085800000, 0x0000000085800000|100%| O|  |TAMS 0x0000000085700000| PB 0x0000000085700000| Untracked 
|  88|0x0000000085800000, 0x0000000085900000, 0x0000000085900000|100%| O|  |TAMS 0x0000000085800000| PB 0x0000000085800000| Untracked 
|  89|0x0000000085900000, 0x0000000085a00000, 0x0000000085a00000|100%| O|  |TAMS 0x0000000085900000| PB 0x0000000085900000| Untracked 
|  90|0x0000000085a00000, 0x0000000085b00000, 0x0000000085b00000|100%| O|  |TAMS 0x0000000085a00000| PB 0x0000000085a00000| Untracked 
|  91|0x0000000085b00000, 0x0000000085c00000, 0x0000000085c00000|100%| O|  |TAMS 0x0000000085b00000| PB 0x0000000085b00000| Untracked 
|  92|0x0000000085c00000, 0x0000000085d00000, 0x0000000085d00000|100%| O|  |TAMS 0x0000000085c00000| PB 0x0000000085c00000| Untracked 
|  93|0x0000000085d00000, 0x0000000085e00000, 0x0000000085e00000|100%| O|  |TAMS 0x0000000085d00000| PB 0x0000000085d00000| Untracked 
|  94|0x0000000085e00000, 0x0000000085f00000, 0x0000000085f00000|100%| O|  |TAMS 0x0000000085e00000| PB 0x0000000085e00000| Untracked 
|  95|0x0000000085f00000, 0x0000000086000000, 0x0000000086000000|100%| O|  |TAMS 0x0000000085f00000| PB 0x0000000085f00000| Untracked 
|  96|0x0000000086000000, 0x0000000086000000, 0x0000000086100000|  0%| F|  |TAMS 0x0000000086000000| PB 0x0000000086000000| Untracked 
|  97|0x0000000086100000, 0x0000000086200000, 0x0000000086200000|100%| O|  |TAMS 0x0000000086100000| PB 0x0000000086100000| Untracked 
|  98|0x0000000086200000, 0x0000000086300000, 0x0000000086300000|100%| O|  |TAMS 0x0000000086200000| PB 0x0000000086200000| Untracked 
|  99|0x0000000086300000, 0x0000000086400000, 0x0000000086400000|100%| O|Cm|TAMS 0x0000000086300000| PB 0x0000000086300000| Complete 
| 100|0x0000000086400000, 0x0000000086500000, 0x0000000086500000|100%| O|Cm|TAMS 0x0000000086400000| PB 0x0000000086400000| Complete 
| 101|0x0000000086500000, 0x0000000086600000, 0x0000000086600000|100%| O|Cm|TAMS 0x0000000086500000| PB 0x0000000086500000| Complete 
| 102|0x0000000086600000, 0x0000000086700000, 0x0000000086700000|100%| O|  |TAMS 0x0000000086600000| PB 0x0000000086600000| Untracked 
| 103|0x0000000086700000, 0x0000000086800000, 0x0000000086800000|100%| O|  |TAMS 0x0000000086700000| PB 0x0000000086700000| Untracked 
| 104|0x0000000086800000, 0x0000000086900000, 0x0000000086900000|100%| O|  |TAMS 0x0000000086800000| PB 0x0000000086800000| Untracked 
| 105|0x0000000086900000, 0x0000000086a00000, 0x0000000086a00000|100%| O|  |TAMS 0x0000000086900000| PB 0x0000000086900000| Untracked 
| 106|0x0000000086a00000, 0x0000000086b00000, 0x0000000086b00000|100%| O|  |TAMS 0x0000000086a00000| PB 0x0000000086a00000| Untracked 
| 107|0x0000000086b00000, 0x0000000086c00000, 0x0000000086c00000|100%| O|  |TAMS 0x0000000086b00000| PB 0x0000000086b00000| Untracked 
| 108|0x0000000086c00000, 0x0000000086d00000, 0x0000000086d00000|100%| O|  |TAMS 0x0000000086c00000| PB 0x0000000086c00000| Untracked 
| 109|0x0000000086d00000, 0x0000000086e00000, 0x0000000086e00000|100%| O|  |TAMS 0x0000000086d00000| PB 0x0000000086d00000| Untracked 
| 110|0x0000000086e00000, 0x0000000086e00000, 0x0000000086f00000|  0%| F|  |TAMS 0x0000000086e00000| PB 0x0000000086e00000| Untracked 
| 111|0x0000000086f00000, 0x0000000087000000, 0x0000000087000000|100%| O|  |TAMS 0x0000000086f00000| PB 0x0000000086f00000| Untracked 
| 112|0x0000000087000000, 0x0000000087000000, 0x0000000087100000|  0%| F|  |TAMS 0x0000000087000000| PB 0x0000000087000000| Untracked 
| 113|0x0000000087100000, 0x0000000087200000, 0x0000000087200000|100%| O|  |TAMS 0x0000000087100000| PB 0x0000000087100000| Untracked 
| 114|0x0000000087200000, 0x0000000087300000, 0x0000000087300000|100%| O|  |TAMS 0x0000000087200000| PB 0x0000000087200000| Untracked 
| 115|0x0000000087300000, 0x0000000087400000, 0x0000000087400000|100%| O|  |TAMS 0x0000000087300000| PB 0x0000000087300000| Untracked 
| 116|0x0000000087400000, 0x0000000087500000, 0x0000000087500000|100%| O|  |TAMS 0x0000000087400000| PB 0x0000000087400000| Untracked 
| 117|0x0000000087500000, 0x0000000087600000, 0x0000000087600000|100%| O|  |TAMS 0x0000000087500000| PB 0x0000000087500000| Untracked 
| 118|0x0000000087600000, 0x0000000087700000, 0x0000000087700000|100%| O|  |TAMS 0x0000000087600000| PB 0x0000000087600000| Untracked 
| 119|0x0000000087700000, 0x0000000087800000, 0x0000000087800000|100%| O|  |TAMS 0x0000000087700000| PB 0x0000000087700000| Untracked 
| 120|0x0000000087800000, 0x0000000087900000, 0x0000000087900000|100%| O|Cm|TAMS 0x0000000087800000| PB 0x0000000087800000| Complete 
| 121|0x0000000087900000, 0x0000000087a00000, 0x0000000087a00000|100%| O|  |TAMS 0x0000000087900000| PB 0x0000000087900000| Untracked 
| 122|0x0000000087a00000, 0x0000000087b00000, 0x0000000087b00000|100%| O|  |TAMS 0x0000000087a00000| PB 0x0000000087a00000| Untracked 
| 123|0x0000000087b00000, 0x0000000087c00000, 0x0000000087c00000|100%| O|Cm|TAMS 0x0000000087b00000| PB 0x0000000087b00000| Complete 
| 124|0x0000000087c00000, 0x0000000087d00000, 0x0000000087d00000|100%| O|Cm|TAMS 0x0000000087c00000| PB 0x0000000087c00000| Complete 
| 125|0x0000000087d00000, 0x0000000087e00000, 0x0000000087e00000|100%| O|Cm|TAMS 0x0000000087d00000| PB 0x0000000087d00000| Complete 
| 126|0x0000000087e00000, 0x0000000087f00000, 0x0000000087f00000|100%| O|  |TAMS 0x0000000087e00000| PB 0x0000000087e00000| Untracked 
| 127|0x0000000087f00000, 0x0000000088000000, 0x0000000088000000|100%| O|  |TAMS 0x0000000087f00000| PB 0x0000000087f00000| Untracked 
| 128|0x0000000088000000, 0x0000000088100000, 0x0000000088100000|100%| O|  |TAMS 0x0000000088000000| PB 0x0000000088000000| Untracked 
| 129|0x0000000088100000, 0x0000000088200000, 0x0000000088200000|100%| O|  |TAMS 0x0000000088100000| PB 0x0000000088100000| Untracked 
| 130|0x0000000088200000, 0x0000000088300000, 0x0000000088300000|100%| O|Cm|TAMS 0x0000000088200000| PB 0x0000000088200000| Complete 
| 131|0x0000000088300000, 0x0000000088400000, 0x0000000088400000|100%| O|Cm|TAMS 0x0000000088300000| PB 0x0000000088300000| Complete 
| 132|0x0000000088400000, 0x0000000088500000, 0x0000000088500000|100%| O|Cm|TAMS 0x0000000088400000| PB 0x0000000088400000| Complete 
| 133|0x0000000088500000, 0x0000000088600000, 0x0000000088600000|100%| O|Cm|TAMS 0x0000000088500000| PB 0x0000000088500000| Complete 
| 134|0x0000000088600000, 0x0000000088700000, 0x0000000088700000|100%| O|Cm|TAMS 0x0000000088600000| PB 0x0000000088600000| Complete 
| 135|0x0000000088700000, 0x0000000088800000, 0x0000000088800000|100%| O|Cm|TAMS 0x0000000088700000| PB 0x0000000088700000| Complete 
| 136|0x0000000088800000, 0x0000000088900000, 0x0000000088900000|100%| O|Cm|TAMS 0x0000000088800000| PB 0x0000000088800000| Complete 
| 137|0x0000000088900000, 0x0000000088900000, 0x0000000088a00000|  0%| F|  |TAMS 0x0000000088900000| PB 0x0000000088900000| Untracked 
| 138|0x0000000088a00000, 0x0000000088b00000, 0x0000000088b00000|100%| O|  |TAMS 0x0000000088a00000| PB 0x0000000088a00000| Untracked 
| 139|0x0000000088b00000, 0x0000000088b00000, 0x0000000088c00000|  0%| F|  |TAMS 0x0000000088b00000| PB 0x0000000088b00000| Untracked 
| 140|0x0000000088c00000, 0x0000000088d00000, 0x0000000088d00000|100%| O|  |TAMS 0x0000000088c00000| PB 0x0000000088c00000| Untracked 
| 141|0x0000000088d00000, 0x0000000088e00000, 0x0000000088e00000|100%| O|Cm|TAMS 0x0000000088d00000| PB 0x0000000088d00000| Complete 
| 142|0x0000000088e00000, 0x0000000088f00000, 0x0000000088f00000|100%| O|  |TAMS 0x0000000088e00000| PB 0x0000000088e00000| Untracked 
| 143|0x0000000088f00000, 0x0000000089000000, 0x0000000089000000|100%| O|  |TAMS 0x0000000088f00000| PB 0x0000000088f00000| Untracked 
| 144|0x0000000089000000, 0x0000000089100000, 0x0000000089100000|100%| O|  |TAMS 0x0000000089000000| PB 0x0000000089000000| Untracked 
| 145|0x0000000089100000, 0x0000000089200000, 0x0000000089200000|100%| O|  |TAMS 0x0000000089100000| PB 0x0000000089100000| Untracked 
| 146|0x0000000089200000, 0x0000000089300000, 0x0000000089300000|100%| O|  |TAMS 0x0000000089200000| PB 0x0000000089200000| Untracked 
| 147|0x0000000089300000, 0x0000000089400000, 0x0000000089400000|100%| O|  |TAMS 0x0000000089300000| PB 0x0000000089300000| Untracked 
| 148|0x0000000089400000, 0x0000000089500000, 0x0000000089500000|100%| O|  |TAMS 0x0000000089400000| PB 0x0000000089400000| Untracked 
| 149|0x0000000089500000, 0x0000000089600000, 0x0000000089600000|100%| O|Cm|TAMS 0x0000000089500000| PB 0x0000000089500000| Complete 
| 150|0x0000000089600000, 0x00000000896db188, 0x0000000089700000| 85%| O|  |TAMS 0x0000000089600000| PB 0x0000000089600000| Untracked 
| 151|0x0000000089700000, 0x0000000089800000, 0x0000000089800000|100%|HS|  |TAMS 0x0000000089700000| PB 0x0000000089700000| Complete 
| 152|0x0000000089800000, 0x0000000089900000, 0x0000000089900000|100%|HC|  |TAMS 0x0000000089800000| PB 0x0000000089800000| Complete 
| 153|0x0000000089900000, 0x0000000089a00000, 0x0000000089a00000|100%|HC|  |TAMS 0x0000000089900000| PB 0x0000000089900000| Complete 
| 154|0x0000000089a00000, 0x0000000089a00000, 0x0000000089b00000|  0%| F|  |TAMS 0x0000000089a00000| PB 0x0000000089a00000| Untracked 
| 155|0x0000000089b00000, 0x0000000089c00000, 0x0000000089c00000|100%| O|Cm|TAMS 0x0000000089b00000| PB 0x0000000089b00000| Complete 
| 156|0x0000000089c00000, 0x0000000089c00000, 0x0000000089d00000|  0%| F|  |TAMS 0x0000000089c00000| PB 0x0000000089c00000| Untracked 
| 157|0x0000000089d00000, 0x0000000089e00000, 0x0000000089e00000|100%| O|Cm|TAMS 0x0000000089d00000| PB 0x0000000089d00000| Complete 
| 158|0x0000000089e00000, 0x0000000089e00000, 0x0000000089f00000|  0%| F|  |TAMS 0x0000000089e00000| PB 0x0000000089e00000| Untracked 
| 159|0x0000000089f00000, 0x0000000089f00000, 0x000000008a000000|  0%| F|  |TAMS 0x0000000089f00000| PB 0x0000000089f00000| Untracked 
| 160|0x000000008a000000, 0x000000008a100000, 0x000000008a100000|100%| O|  |TAMS 0x000000008a000000| PB 0x000000008a000000| Untracked 
| 161|0x000000008a100000, 0x000000008a100000, 0x000000008a200000|  0%| F|  |TAMS 0x000000008a100000| PB 0x000000008a100000| Untracked 
| 162|0x000000008a200000, 0x000000008a200000, 0x000000008a300000|  0%| F|  |TAMS 0x000000008a200000| PB 0x000000008a200000| Untracked 
| 163|0x000000008a300000, 0x000000008a300000, 0x000000008a400000|  0%| F|  |TAMS 0x000000008a300000| PB 0x000000008a300000| Untracked 
| 164|0x000000008a400000, 0x000000008a400000, 0x000000008a500000|  0%| F|  |TAMS 0x000000008a400000| PB 0x000000008a400000| Untracked 
| 165|0x000000008a500000, 0x000000008a500000, 0x000000008a600000|  0%| F|  |TAMS 0x000000008a500000| PB 0x000000008a500000| Untracked 
| 166|0x000000008a600000, 0x000000008a600000, 0x000000008a700000|  0%| F|  |TAMS 0x000000008a600000| PB 0x000000008a600000| Untracked 
| 167|0x000000008a700000, 0x000000008a700000, 0x000000008a800000|  0%| F|  |TAMS 0x000000008a700000| PB 0x000000008a700000| Untracked 
| 168|0x000000008a800000, 0x000000008a800000, 0x000000008a900000|  0%| F|  |TAMS 0x000000008a800000| PB 0x000000008a800000| Untracked 
| 169|0x000000008a900000, 0x000000008a900000, 0x000000008aa00000|  0%| F|  |TAMS 0x000000008a900000| PB 0x000000008a900000| Untracked 
| 170|0x000000008aa00000, 0x000000008aa00000, 0x000000008ab00000|  0%| F|  |TAMS 0x000000008aa00000| PB 0x000000008aa00000| Untracked 
| 171|0x000000008ab00000, 0x000000008ab00000, 0x000000008ac00000|  0%| F|  |TAMS 0x000000008ab00000| PB 0x000000008ab00000| Untracked 
| 172|0x000000008ac00000, 0x000000008ac00000, 0x000000008ad00000|  0%| F|  |TAMS 0x000000008ac00000| PB 0x000000008ac00000| Untracked 
| 173|0x000000008ad00000, 0x000000008ad00000, 0x000000008ae00000|  0%| F|  |TAMS 0x000000008ad00000| PB 0x000000008ad00000| Untracked 
| 174|0x000000008ae00000, 0x000000008ae00000, 0x000000008af00000|  0%| F|  |TAMS 0x000000008ae00000| PB 0x000000008ae00000| Untracked 
| 175|0x000000008af00000, 0x000000008af00000, 0x000000008b000000|  0%| F|  |TAMS 0x000000008af00000| PB 0x000000008af00000| Untracked 
| 176|0x000000008b000000, 0x000000008b000000, 0x000000008b100000|  0%| F|  |TAMS 0x000000008b000000| PB 0x000000008b000000| Untracked 
| 177|0x000000008b100000, 0x000000008b200000, 0x000000008b200000|100%| O|Cm|TAMS 0x000000008b100000| PB 0x000000008b100000| Complete 
| 178|0x000000008b200000, 0x000000008b300000, 0x000000008b300000|100%| O|Cm|TAMS 0x000000008b200000| PB 0x000000008b200000| Complete 
| 179|0x000000008b300000, 0x000000008b400000, 0x000000008b400000|100%| O|Cm|TAMS 0x000000008b300000| PB 0x000000008b300000| Complete 
| 180|0x000000008b400000, 0x000000008b400000, 0x000000008b500000|  0%| F|  |TAMS 0x000000008b400000| PB 0x000000008b400000| Untracked 
| 181|0x000000008b500000, 0x000000008b500000, 0x000000008b600000|  0%| F|  |TAMS 0x000000008b500000| PB 0x000000008b500000| Untracked 
| 182|0x000000008b600000, 0x000000008b600000, 0x000000008b700000|  0%| F|  |TAMS 0x000000008b600000| PB 0x000000008b600000| Untracked 
| 183|0x000000008b700000, 0x000000008b700000, 0x000000008b800000|  0%| F|  |TAMS 0x000000008b700000| PB 0x000000008b700000| Untracked 
| 184|0x000000008b800000, 0x000000008b800000, 0x000000008b900000|  0%| F|  |TAMS 0x000000008b800000| PB 0x000000008b800000| Untracked 
| 185|0x000000008b900000, 0x000000008b900000, 0x000000008ba00000|  0%| F|  |TAMS 0x000000008b900000| PB 0x000000008b900000| Untracked 
| 186|0x000000008ba00000, 0x000000008ba00000, 0x000000008bb00000|  0%| F|  |TAMS 0x000000008ba00000| PB 0x000000008ba00000| Untracked 
| 187|0x000000008bb00000, 0x000000008bc00000, 0x000000008bc00000|100%| O|Cm|TAMS 0x000000008bb00000| PB 0x000000008bb00000| Complete 
| 188|0x000000008bc00000, 0x000000008bd00000, 0x000000008bd00000|100%| O|Cm|TAMS 0x000000008bc00000| PB 0x000000008bc00000| Complete 
| 189|0x000000008bd00000, 0x000000008bd00000, 0x000000008be00000|  0%| F|  |TAMS 0x000000008bd00000| PB 0x000000008bd00000| Untracked 
| 190|0x000000008be00000, 0x000000008bf00000, 0x000000008bf00000|100%| O|Cm|TAMS 0x000000008be00000| PB 0x000000008be00000| Complete 
| 191|0x000000008bf00000, 0x000000008c000000, 0x000000008c000000|100%| O|Cm|TAMS 0x000000008bf00000| PB 0x000000008bf00000| Complete 
| 192|0x000000008c000000, 0x000000008c100000, 0x000000008c100000|100%| O|Cm|TAMS 0x000000008c000000| PB 0x000000008c000000| Complete 
| 193|0x000000008c100000, 0x000000008c100000, 0x000000008c200000|  0%| F|  |TAMS 0x000000008c100000| PB 0x000000008c100000| Untracked 
| 194|0x000000008c200000, 0x000000008c200000, 0x000000008c300000|  0%| F|  |TAMS 0x000000008c200000| PB 0x000000008c200000| Untracked 
| 195|0x000000008c300000, 0x000000008c300000, 0x000000008c400000|  0%| F|  |TAMS 0x000000008c300000| PB 0x000000008c300000| Untracked 
| 196|0x000000008c400000, 0x000000008c400000, 0x000000008c500000|  0%| F|  |TAMS 0x000000008c400000| PB 0x000000008c400000| Untracked 
| 197|0x000000008c500000, 0x000000008c500000, 0x000000008c600000|  0%| F|  |TAMS 0x000000008c500000| PB 0x000000008c500000| Untracked 
| 198|0x000000008c600000, 0x000000008c600000, 0x000000008c700000|  0%| F|  |TAMS 0x000000008c600000| PB 0x000000008c600000| Untracked 
| 199|0x000000008c700000, 0x000000008c800000, 0x000000008c800000|100%| O|Cm|TAMS 0x000000008c700000| PB 0x000000008c700000| Complete 
| 200|0x000000008c800000, 0x000000008c900000, 0x000000008c900000|100%| O|Cm|TAMS 0x000000008c800000| PB 0x000000008c800000| Complete 
| 201|0x000000008c900000, 0x000000008c900000, 0x000000008ca00000|  0%| F|  |TAMS 0x000000008c900000| PB 0x000000008c900000| Untracked 
| 202|0x000000008ca00000, 0x000000008ca00000, 0x000000008cb00000|  0%| F|  |TAMS 0x000000008ca00000| PB 0x000000008ca00000| Untracked 
| 203|0x000000008cb00000, 0x000000008cb00000, 0x000000008cc00000|  0%| F|  |TAMS 0x000000008cb00000| PB 0x000000008cb00000| Untracked 
| 204|0x000000008cc00000, 0x000000008cc00000, 0x000000008cd00000|  0%| F|  |TAMS 0x000000008cc00000| PB 0x000000008cc00000| Untracked 
| 205|0x000000008cd00000, 0x000000008cd00000, 0x000000008ce00000|  0%| F|  |TAMS 0x000000008cd00000| PB 0x000000008cd00000| Untracked 
| 206|0x000000008ce00000, 0x000000008ce00000, 0x000000008cf00000|  0%| F|  |TAMS 0x000000008ce00000| PB 0x000000008ce00000| Untracked 
| 207|0x000000008cf00000, 0x000000008cf00000, 0x000000008d000000|  0%| F|  |TAMS 0x000000008cf00000| PB 0x000000008cf00000| Untracked 
| 208|0x000000008d000000, 0x000000008d000000, 0x000000008d100000|  0%| F|  |TAMS 0x000000008d000000| PB 0x000000008d000000| Untracked 
| 209|0x000000008d100000, 0x000000008d100000, 0x000000008d200000|  0%| F|  |TAMS 0x000000008d100000| PB 0x000000008d100000| Untracked 
| 210|0x000000008d200000, 0x000000008d200000, 0x000000008d300000|  0%| F|  |TAMS 0x000000008d200000| PB 0x000000008d200000| Untracked 
| 211|0x000000008d300000, 0x000000008d400000, 0x000000008d400000|100%| O|Cm|TAMS 0x000000008d300000| PB 0x000000008d300000| Complete 
| 212|0x000000008d400000, 0x000000008d500000, 0x000000008d500000|100%| O|Cm|TAMS 0x000000008d400000| PB 0x000000008d400000| Complete 
| 213|0x000000008d500000, 0x000000008d600000, 0x000000008d600000|100%| O|Cm|TAMS 0x000000008d500000| PB 0x000000008d500000| Complete 
| 214|0x000000008d600000, 0x000000008d700000, 0x000000008d700000|100%| O|Cm|TAMS 0x000000008d600000| PB 0x000000008d600000| Complete 
| 215|0x000000008d700000, 0x000000008d700000, 0x000000008d800000|  0%| F|  |TAMS 0x000000008d700000| PB 0x000000008d700000| Untracked 
| 216|0x000000008d800000, 0x000000008d900000, 0x000000008d900000|100%| O|Cm|TAMS 0x000000008d800000| PB 0x000000008d800000| Complete 
| 217|0x000000008d900000, 0x000000008d900000, 0x000000008da00000|  0%| F|  |TAMS 0x000000008d900000| PB 0x000000008d900000| Untracked 
| 218|0x000000008da00000, 0x000000008da00000, 0x000000008db00000|  0%| F|  |TAMS 0x000000008da00000| PB 0x000000008da00000| Untracked 
| 219|0x000000008db00000, 0x000000008db00000, 0x000000008dc00000|  0%| F|  |TAMS 0x000000008db00000| PB 0x000000008db00000| Untracked 
| 220|0x000000008dc00000, 0x000000008dc00000, 0x000000008dd00000|  0%| F|  |TAMS 0x000000008dc00000| PB 0x000000008dc00000| Untracked 
| 221|0x000000008dd00000, 0x000000008dd00000, 0x000000008de00000|  0%| F|  |TAMS 0x000000008dd00000| PB 0x000000008dd00000| Untracked 
| 222|0x000000008de00000, 0x000000008de00000, 0x000000008df00000|  0%| F|  |TAMS 0x000000008de00000| PB 0x000000008de00000| Untracked 
| 223|0x000000008df00000, 0x000000008df00000, 0x000000008e000000|  0%| F|  |TAMS 0x000000008df00000| PB 0x000000008df00000| Untracked 
| 224|0x000000008e000000, 0x000000008e000000, 0x000000008e100000|  0%| F|  |TAMS 0x000000008e000000| PB 0x000000008e000000| Untracked 
| 225|0x000000008e100000, 0x000000008e100000, 0x000000008e200000|  0%| F|  |TAMS 0x000000008e100000| PB 0x000000008e100000| Untracked 
| 226|0x000000008e200000, 0x000000008e300000, 0x000000008e300000|100%| O|Cm|TAMS 0x000000008e200000| PB 0x000000008e200000| Complete 
| 227|0x000000008e300000, 0x000000008e300000, 0x000000008e400000|  0%| F|  |TAMS 0x000000008e300000| PB 0x000000008e300000| Untracked 
| 228|0x000000008e400000, 0x000000008e400000, 0x000000008e500000|  0%| F|  |TAMS 0x000000008e400000| PB 0x000000008e400000| Untracked 
| 229|0x000000008e500000, 0x000000008e500000, 0x000000008e600000|  0%| F|  |TAMS 0x000000008e500000| PB 0x000000008e500000| Untracked 
| 230|0x000000008e600000, 0x000000008e600000, 0x000000008e700000|  0%| F|  |TAMS 0x000000008e600000| PB 0x000000008e600000| Untracked 
| 231|0x000000008e700000, 0x000000008e700000, 0x000000008e800000|  0%| F|  |TAMS 0x000000008e700000| PB 0x000000008e700000| Untracked 
| 232|0x000000008e800000, 0x000000008e800000, 0x000000008e900000|  0%| F|  |TAMS 0x000000008e800000| PB 0x000000008e800000| Untracked 
| 233|0x000000008e900000, 0x000000008e900000, 0x000000008ea00000|  0%| F|  |TAMS 0x000000008e900000| PB 0x000000008e900000| Untracked 
| 234|0x000000008ea00000, 0x000000008ea00000, 0x000000008eb00000|  0%| F|  |TAMS 0x000000008ea00000| PB 0x000000008ea00000| Untracked 
| 235|0x000000008eb00000, 0x000000008eb00000, 0x000000008ec00000|  0%| F|  |TAMS 0x000000008eb00000| PB 0x000000008eb00000| Untracked 
| 236|0x000000008ec00000, 0x000000008ec00000, 0x000000008ed00000|  0%| F|  |TAMS 0x000000008ec00000| PB 0x000000008ec00000| Untracked 
| 237|0x000000008ed00000, 0x000000008ed00000, 0x000000008ee00000|  0%| F|  |TAMS 0x000000008ed00000| PB 0x000000008ed00000| Untracked 
| 238|0x000000008ee00000, 0x000000008ee00000, 0x000000008ef00000|  0%| F|  |TAMS 0x000000008ee00000| PB 0x000000008ee00000| Untracked 
| 239|0x000000008ef00000, 0x000000008ef00000, 0x000000008f000000|  0%| F|  |TAMS 0x000000008ef00000| PB 0x000000008ef00000| Untracked 
| 240|0x000000008f000000, 0x000000008f000000, 0x000000008f100000|  0%| F|  |TAMS 0x000000008f000000| PB 0x000000008f000000| Untracked 
| 241|0x000000008f100000, 0x000000008f100000, 0x000000008f200000|  0%| F|  |TAMS 0x000000008f100000| PB 0x000000008f100000| Untracked 
| 242|0x000000008f200000, 0x000000008f200000, 0x000000008f300000|  0%| F|  |TAMS 0x000000008f200000| PB 0x000000008f200000| Untracked 
| 243|0x000000008f300000, 0x000000008f300000, 0x000000008f400000|  0%| F|  |TAMS 0x000000008f300000| PB 0x000000008f300000| Untracked 
| 244|0x000000008f400000, 0x000000008f400000, 0x000000008f500000|  0%| F|  |TAMS 0x000000008f400000| PB 0x000000008f400000| Untracked 
| 245|0x000000008f500000, 0x000000008f500000, 0x000000008f600000|  0%| F|  |TAMS 0x000000008f500000| PB 0x000000008f500000| Untracked 
| 246|0x000000008f600000, 0x000000008f600000, 0x000000008f700000|  0%| F|  |TAMS 0x000000008f600000| PB 0x000000008f600000| Untracked 
| 247|0x000000008f700000, 0x000000008f700000, 0x000000008f800000|  0%| F|  |TAMS 0x000000008f700000| PB 0x000000008f700000| Untracked 
| 248|0x000000008f800000, 0x000000008f800000, 0x000000008f900000|  0%| F|  |TAMS 0x000000008f800000| PB 0x000000008f800000| Untracked 
| 249|0x000000008f900000, 0x000000008f900000, 0x000000008fa00000|  0%| F|  |TAMS 0x000000008f900000| PB 0x000000008f900000| Untracked 
| 250|0x000000008fa00000, 0x000000008fa00000, 0x000000008fb00000|  0%| F|  |TAMS 0x000000008fa00000| PB 0x000000008fa00000| Untracked 
| 251|0x000000008fb00000, 0x000000008fb00000, 0x000000008fc00000|  0%| F|  |TAMS 0x000000008fb00000| PB 0x000000008fb00000| Untracked 
| 252|0x000000008fc00000, 0x000000008fc00000, 0x000000008fd00000|  0%| F|  |TAMS 0x000000008fc00000| PB 0x000000008fc00000| Untracked 
| 253|0x000000008fd00000, 0x000000008fd00000, 0x000000008fe00000|  0%| F|  |TAMS 0x000000008fd00000| PB 0x000000008fd00000| Untracked 
| 254|0x000000008fe00000, 0x000000008fe00000, 0x000000008ff00000|  0%| F|  |TAMS 0x000000008fe00000| PB 0x000000008fe00000| Untracked 
| 255|0x000000008ff00000, 0x000000008ff00000, 0x0000000090000000|  0%| F|  |TAMS 0x000000008ff00000| PB 0x000000008ff00000| Untracked 
| 256|0x0000000090000000, 0x0000000090000000, 0x0000000090100000|  0%| F|  |TAMS 0x0000000090000000| PB 0x0000000090000000| Untracked 
| 257|0x0000000090100000, 0x0000000090100000, 0x0000000090200000|  0%| F|  |TAMS 0x0000000090100000| PB 0x0000000090100000| Untracked 
| 258|0x0000000090200000, 0x0000000090200000, 0x0000000090300000|  0%| F|  |TAMS 0x0000000090200000| PB 0x0000000090200000| Untracked 
| 259|0x0000000090300000, 0x0000000090300000, 0x0000000090400000|  0%| F|  |TAMS 0x0000000090300000| PB 0x0000000090300000| Untracked 
| 260|0x0000000090400000, 0x0000000090400000, 0x0000000090500000|  0%| F|  |TAMS 0x0000000090400000| PB 0x0000000090400000| Untracked 
| 261|0x0000000090500000, 0x0000000090500000, 0x0000000090600000|  0%| F|  |TAMS 0x0000000090500000| PB 0x0000000090500000| Untracked 
| 262|0x0000000090600000, 0x0000000090600000, 0x0000000090700000|  0%| F|  |TAMS 0x0000000090600000| PB 0x0000000090600000| Untracked 
| 263|0x0000000090700000, 0x0000000090700000, 0x0000000090800000|  0%| F|  |TAMS 0x0000000090700000| PB 0x0000000090700000| Untracked 
| 264|0x0000000090800000, 0x0000000090800000, 0x0000000090900000|  0%| F|  |TAMS 0x0000000090800000| PB 0x0000000090800000| Untracked 
| 265|0x0000000090900000, 0x0000000090900000, 0x0000000090a00000|  0%| F|  |TAMS 0x0000000090900000| PB 0x0000000090900000| Untracked 
| 266|0x0000000090a00000, 0x0000000090a00000, 0x0000000090b00000|  0%| F|  |TAMS 0x0000000090a00000| PB 0x0000000090a00000| Untracked 
| 267|0x0000000090b00000, 0x0000000090b00000, 0x0000000090c00000|  0%| F|  |TAMS 0x0000000090b00000| PB 0x0000000090b00000| Untracked 
| 268|0x0000000090c00000, 0x0000000090c00000, 0x0000000090d00000|  0%| F|  |TAMS 0x0000000090c00000| PB 0x0000000090c00000| Untracked 
| 269|0x0000000090d00000, 0x0000000090d00000, 0x0000000090e00000|  0%| F|  |TAMS 0x0000000090d00000| PB 0x0000000090d00000| Untracked 
| 270|0x0000000090e00000, 0x0000000090e00000, 0x0000000090f00000|  0%| F|  |TAMS 0x0000000090e00000| PB 0x0000000090e00000| Untracked 
| 271|0x0000000090f00000, 0x0000000090f00000, 0x0000000091000000|  0%| F|  |TAMS 0x0000000090f00000| PB 0x0000000090f00000| Untracked 
| 272|0x0000000091000000, 0x00000000910458c0, 0x0000000091100000| 27%| E|  |TAMS 0x0000000091000000| PB 0x0000000091000000| Complete 
| 273|0x0000000091100000, 0x0000000091200000, 0x0000000091200000|100%| E|CS|TAMS 0x0000000091100000| PB 0x0000000091100000| Complete 
| 274|0x0000000091200000, 0x0000000091300000, 0x0000000091300000|100%| E|CS|TAMS 0x0000000091200000| PB 0x0000000091200000| Complete 
| 275|0x0000000091300000, 0x0000000091400000, 0x0000000091400000|100%| E|CS|TAMS 0x0000000091300000| PB 0x0000000091300000| Complete 
| 276|0x0000000091400000, 0x0000000091500000, 0x0000000091500000|100%| E|CS|TAMS 0x0000000091400000| PB 0x0000000091400000| Complete 
| 277|0x0000000091500000, 0x0000000091600000, 0x0000000091600000|100%| E|CS|TAMS 0x0000000091500000| PB 0x0000000091500000| Complete 
| 278|0x0000000091600000, 0x0000000091700000, 0x0000000091700000|100%| S|CS|TAMS 0x0000000091600000| PB 0x0000000091600000| Complete 
| 279|0x0000000091700000, 0x0000000091800000, 0x0000000091800000|100%| S|CS|TAMS 0x0000000091700000| PB 0x0000000091700000| Complete 
| 280|0x0000000091800000, 0x0000000091900000, 0x0000000091900000|100%| S|CS|TAMS 0x0000000091800000| PB 0x0000000091800000| Complete 
| 281|0x0000000091900000, 0x0000000091a00000, 0x0000000091a00000|100%| E|CS|TAMS 0x0000000091900000| PB 0x0000000091900000| Complete 
| 282|0x0000000091a00000, 0x0000000091b00000, 0x0000000091b00000|100%| E|CS|TAMS 0x0000000091a00000| PB 0x0000000091a00000| Complete 
| 283|0x0000000091b00000, 0x0000000091c00000, 0x0000000091c00000|100%| E|CS|TAMS 0x0000000091b00000| PB 0x0000000091b00000| Complete 
| 284|0x0000000091c00000, 0x0000000091d00000, 0x0000000091d00000|100%| E|CS|TAMS 0x0000000091c00000| PB 0x0000000091c00000| Complete 
| 285|0x0000000091d00000, 0x0000000091e00000, 0x0000000091e00000|100%| E|CS|TAMS 0x0000000091d00000| PB 0x0000000091d00000| Complete 
| 286|0x0000000091e00000, 0x0000000091f00000, 0x0000000091f00000|100%| E|CS|TAMS 0x0000000091e00000| PB 0x0000000091e00000| Complete 
| 287|0x0000000091f00000, 0x0000000092000000, 0x0000000092000000|100%| E|  |TAMS 0x0000000091f00000| PB 0x0000000091f00000| Complete 
| 288|0x0000000092000000, 0x0000000092100000, 0x0000000092100000|100%| E|CS|TAMS 0x0000000092000000| PB 0x0000000092000000| Complete 
| 289|0x0000000092100000, 0x0000000092200000, 0x0000000092200000|100%| E|CS|TAMS 0x0000000092100000| PB 0x0000000092100000| Complete 
| 290|0x0000000092200000, 0x0000000092300000, 0x0000000092300000|100%| E|CS|TAMS 0x0000000092200000| PB 0x0000000092200000| Complete 
| 291|0x0000000092300000, 0x0000000092400000, 0x0000000092400000|100%| E|CS|TAMS 0x0000000092300000| PB 0x0000000092300000| Complete 
| 292|0x0000000092400000, 0x0000000092500000, 0x0000000092500000|100%| E|CS|TAMS 0x0000000092400000| PB 0x0000000092400000| Complete 
| 293|0x0000000092500000, 0x0000000092600000, 0x0000000092600000|100%| E|CS|TAMS 0x0000000092500000| PB 0x0000000092500000| Complete 
| 294|0x0000000092600000, 0x0000000092700000, 0x0000000092700000|100%| E|CS|TAMS 0x0000000092600000| PB 0x0000000092600000| Complete 
| 295|0x0000000092700000, 0x0000000092800000, 0x0000000092800000|100%| E|CS|TAMS 0x0000000092700000| PB 0x0000000092700000| Complete 
| 296|0x0000000092800000, 0x0000000092900000, 0x0000000092900000|100%| E|CS|TAMS 0x0000000092800000| PB 0x0000000092800000| Complete 
| 297|0x0000000092900000, 0x0000000092a00000, 0x0000000092a00000|100%| E|CS|TAMS 0x0000000092900000| PB 0x0000000092900000| Complete 
| 298|0x0000000092a00000, 0x0000000092b00000, 0x0000000092b00000|100%| E|CS|TAMS 0x0000000092a00000| PB 0x0000000092a00000| Complete 
| 299|0x0000000092b00000, 0x0000000092c00000, 0x0000000092c00000|100%| E|CS|TAMS 0x0000000092b00000| PB 0x0000000092b00000| Complete 
| 300|0x0000000092c00000, 0x0000000092d00000, 0x0000000092d00000|100%| E|CS|TAMS 0x0000000092c00000| PB 0x0000000092c00000| Complete 
| 301|0x0000000092d00000, 0x0000000092e00000, 0x0000000092e00000|100%| E|CS|TAMS 0x0000000092d00000| PB 0x0000000092d00000| Complete 
| 302|0x0000000092e00000, 0x0000000092f00000, 0x0000000092f00000|100%| E|CS|TAMS 0x0000000092e00000| PB 0x0000000092e00000| Complete 
| 303|0x0000000092f00000, 0x0000000093000000, 0x0000000093000000|100%| E|CS|TAMS 0x0000000092f00000| PB 0x0000000092f00000| Complete 
| 304|0x0000000093000000, 0x0000000093100000, 0x0000000093100000|100%| E|CS|TAMS 0x0000000093000000| PB 0x0000000093000000| Complete 
| 305|0x0000000093100000, 0x0000000093200000, 0x0000000093200000|100%| E|CS|TAMS 0x0000000093100000| PB 0x0000000093100000| Complete 
| 306|0x0000000093200000, 0x0000000093300000, 0x0000000093300000|100%| E|CS|TAMS 0x0000000093200000| PB 0x0000000093200000| Complete 
| 307|0x0000000093300000, 0x0000000093400000, 0x0000000093400000|100%| E|CS|TAMS 0x0000000093300000| PB 0x0000000093300000| Complete 
| 308|0x0000000093400000, 0x0000000093500000, 0x0000000093500000|100%| E|CS|TAMS 0x0000000093400000| PB 0x0000000093400000| Complete 
| 309|0x0000000093500000, 0x0000000093600000, 0x0000000093600000|100%| E|CS|TAMS 0x0000000093500000| PB 0x0000000093500000| Complete 
| 310|0x0000000093600000, 0x0000000093700000, 0x0000000093700000|100%| E|CS|TAMS 0x0000000093600000| PB 0x0000000093600000| Complete 
| 311|0x0000000093700000, 0x0000000093800000, 0x0000000093800000|100%| E|CS|TAMS 0x0000000093700000| PB 0x0000000093700000| Complete 
| 312|0x0000000093800000, 0x0000000093900000, 0x0000000093900000|100%| E|CS|TAMS 0x0000000093800000| PB 0x0000000093800000| Complete 
| 313|0x0000000093900000, 0x0000000093a00000, 0x0000000093a00000|100%| E|CS|TAMS 0x0000000093900000| PB 0x0000000093900000| Complete 
| 314|0x0000000093a00000, 0x0000000093b00000, 0x0000000093b00000|100%| E|CS|TAMS 0x0000000093a00000| PB 0x0000000093a00000| Complete 
| 315|0x0000000093b00000, 0x0000000093c00000, 0x0000000093c00000|100%| E|CS|TAMS 0x0000000093b00000| PB 0x0000000093b00000| Complete 
| 316|0x0000000093c00000, 0x0000000093d00000, 0x0000000093d00000|100%| E|CS|TAMS 0x0000000093c00000| PB 0x0000000093c00000| Complete 
| 317|0x0000000093d00000, 0x0000000093e00000, 0x0000000093e00000|100%| E|CS|TAMS 0x0000000093d00000| PB 0x0000000093d00000| Complete 
| 318|0x0000000093e00000, 0x0000000093f00000, 0x0000000093f00000|100%| E|CS|TAMS 0x0000000093e00000| PB 0x0000000093e00000| Complete 
| 319|0x0000000093f00000, 0x0000000094000000, 0x0000000094000000|100%| E|CS|TAMS 0x0000000093f00000| PB 0x0000000093f00000| Complete 
| 320|0x0000000094000000, 0x0000000094100000, 0x0000000094100000|100%| E|CS|TAMS 0x0000000094000000| PB 0x0000000094000000| Complete 
| 321|0x0000000094100000, 0x0000000094200000, 0x0000000094200000|100%| E|CS|TAMS 0x0000000094100000| PB 0x0000000094100000| Complete 
| 322|0x0000000094200000, 0x0000000094300000, 0x0000000094300000|100%| E|CS|TAMS 0x0000000094200000| PB 0x0000000094200000| Complete 
| 323|0x0000000094300000, 0x0000000094400000, 0x0000000094400000|100%| E|CS|TAMS 0x0000000094300000| PB 0x0000000094300000| Complete 
| 324|0x0000000094400000, 0x0000000094500000, 0x0000000094500000|100%| E|CS|TAMS 0x0000000094400000| PB 0x0000000094400000| Complete 
| 325|0x0000000094500000, 0x0000000094600000, 0x0000000094600000|100%| E|CS|TAMS 0x0000000094500000| PB 0x0000000094500000| Complete 
| 326|0x0000000094600000, 0x0000000094700000, 0x0000000094700000|100%| E|CS|TAMS 0x0000000094600000| PB 0x0000000094600000| Complete 
| 327|0x0000000094700000, 0x0000000094800000, 0x0000000094800000|100%| E|CS|TAMS 0x0000000094700000| PB 0x0000000094700000| Complete 
| 328|0x0000000094800000, 0x0000000094900000, 0x0000000094900000|100%| E|CS|TAMS 0x0000000094800000| PB 0x0000000094800000| Complete 
| 329|0x0000000094900000, 0x0000000094a00000, 0x0000000094a00000|100%| E|CS|TAMS 0x0000000094900000| PB 0x0000000094900000| Complete 
| 330|0x0000000094a00000, 0x0000000094b00000, 0x0000000094b00000|100%| E|CS|TAMS 0x0000000094a00000| PB 0x0000000094a00000| Complete 
| 331|0x0000000094b00000, 0x0000000094c00000, 0x0000000094c00000|100%| E|CS|TAMS 0x0000000094b00000| PB 0x0000000094b00000| Complete 
| 332|0x0000000094c00000, 0x0000000094d00000, 0x0000000094d00000|100%| E|CS|TAMS 0x0000000094c00000| PB 0x0000000094c00000| Complete 
| 333|0x0000000094d00000, 0x0000000094e00000, 0x0000000094e00000|100%| E|CS|TAMS 0x0000000094d00000| PB 0x0000000094d00000| Complete 
| 334|0x0000000094e00000, 0x0000000094f00000, 0x0000000094f00000|100%| E|CS|TAMS 0x0000000094e00000| PB 0x0000000094e00000| Complete 
| 335|0x0000000094f00000, 0x0000000095000000, 0x0000000095000000|100%| E|CS|TAMS 0x0000000094f00000| PB 0x0000000094f00000| Complete 
| 336|0x0000000095000000, 0x0000000095100000, 0x0000000095100000|100%| E|CS|TAMS 0x0000000095000000| PB 0x0000000095000000| Complete 
| 337|0x0000000095100000, 0x0000000095200000, 0x0000000095200000|100%| E|CS|TAMS 0x0000000095100000| PB 0x0000000095100000| Complete 
| 338|0x0000000095200000, 0x0000000095300000, 0x0000000095300000|100%| E|CS|TAMS 0x0000000095200000| PB 0x0000000095200000| Complete 
| 339|0x0000000095300000, 0x0000000095400000, 0x0000000095400000|100%| E|CS|TAMS 0x0000000095300000| PB 0x0000000095300000| Complete 
|2034|0x00000000ff200000, 0x00000000ff300000, 0x00000000ff300000|100%| O|  |TAMS 0x00000000ff200000| PB 0x00000000ff200000| Untracked 
|2035|0x00000000ff300000, 0x00000000ff400000, 0x00000000ff400000|100%| O|  |TAMS 0x00000000ff300000| PB 0x00000000ff300000| Untracked 
|2036|0x00000000ff400000, 0x00000000ff500000, 0x00000000ff500000|100%| O|  |TAMS 0x00000000ff400000| PB 0x00000000ff400000| Untracked 
|2037|0x00000000ff500000, 0x00000000ff600000, 0x00000000ff600000|100%| E|CS|TAMS 0x00000000ff500000| PB 0x00000000ff500000| Complete 
|2038|0x00000000ff600000, 0x00000000ff700000, 0x00000000ff700000|100%| O|  |TAMS 0x00000000ff600000| PB 0x00000000ff600000| Untracked 
|2039|0x00000000ff700000, 0x00000000ff800000, 0x00000000ff800000|100%| O|  |TAMS 0x00000000ff700000| PB 0x00000000ff700000| Untracked 
|2040|0x00000000ff800000, 0x00000000ff900000, 0x00000000ff900000|100%| O|  |TAMS 0x00000000ff800000| PB 0x00000000ff800000| Untracked 
|2041|0x00000000ff900000, 0x00000000ffa00000, 0x00000000ffa00000|100%| O|  |TAMS 0x00000000ff900000| PB 0x00000000ff900000| Untracked 
|2042|0x00000000ffa00000, 0x00000000ffb00000, 0x00000000ffb00000|100%| O|  |TAMS 0x00000000ffa00000| PB 0x00000000ffa00000| Untracked 
|2043|0x00000000ffb00000, 0x00000000ffc00000, 0x00000000ffc00000|100%| E|CS|TAMS 0x00000000ffb00000| PB 0x00000000ffb00000| Complete 
|2044|0x00000000ffc00000, 0x00000000ffd00000, 0x00000000ffd00000|100%| O|  |TAMS 0x00000000ffc00000| PB 0x00000000ffc00000| Untracked 
|2045|0x00000000ffd00000, 0x00000000ffe00000, 0x00000000ffe00000|100%| O|  |TAMS 0x00000000ffd00000| PB 0x00000000ffd00000| Untracked 
|2046|0x00000000ffe00000, 0x00000000fff00000, 0x00000000fff00000|100%| O|  |TAMS 0x00000000ffe00000| PB 0x00000000ffe00000| Untracked 
|2047|0x00000000fff00000, 0x0000000100000000, 0x0000000100000000|100%| O|  |TAMS 0x00000000fff00000| PB 0x00000000fff00000| Untracked 

Card table byte_map: [0x0000023836b50000,0x0000023836f50000] _byte_map_base: 0x0000023836750000

Marking Bits: (CMBitMap*) 0x000002381e5fce20
 Bits: [0x0000023836f50000, 0x0000023838f50000)

Polling page: 0x000002381c430000

Metaspace:

Usage:
  Non-class:    163.08 MB used.
      Class:     23.63 MB used.
       Both:    186.71 MB used.

Virtual space:
  Non-class space:      192.00 MB reserved,     164.38 MB ( 86%) committed,  3 nodes.
      Class space:        1.00 GB reserved,      24.94 MB (  2%) committed,  1 nodes.
             Both:        1.19 GB reserved,     189.31 MB ( 16%) committed. 

Chunk freelists:
   Non-Class:  11.41 MB
       Class:  7.12 MB
        Both:  18.53 MB

MaxMetaspaceSize: unlimited
CompressedClassSpaceSize: 1.00 GB
Initial GC threshold: 21.00 MB
Current GC threshold: 306.81 MB
CDS: on
 - commit_granule_bytes: 65536.
 - commit_granule_words: 8192.
 - virtual_space_node_default_size: 8388608.
 - enlarge_chunks_in_place: 1.
 - use_allocation_guard: 0.


Internal statistics:

num_allocs_failed_limit: 9.
num_arena_births: 4808.
num_arena_deaths: 2.
num_vsnodes_births: 4.
num_vsnodes_deaths: 0.
num_space_committed: 3025.
num_space_uncommitted: 0.
num_chunks_returned_to_freelist: 12.
num_chunks_taken_from_freelist: 12722.
num_chunk_merges: 3.
num_chunk_splits: 8820.
num_chunks_enlarged: 6219.
num_inconsistent_stats: 0.

CodeHeap 'non-profiled nmethods': size=119168Kb used=11601Kb max_used=11601Kb free=107566Kb
 bounds [0x000002382e850000, 0x000002382f3b0000, 0x0000023835cb0000]
CodeHeap 'profiled nmethods': size=119104Kb used=39436Kb max_used=39436Kb free=79667Kb
 bounds [0x0000023826cb0000, 0x0000023829340000, 0x000002382e100000]
CodeHeap 'non-nmethods': size=7488Kb used=2393Kb max_used=4141Kb free=5094Kb
 bounds [0x000002382e100000, 0x000002382e520000, 0x000002382e850000]
CodeCache: size=245760Kb, used=53430Kb, max_used=55178Kb, free=192327Kb
 total_blobs=17458, nmethods=16252, adapters=1108, full_count=0
Compilation: enabled, stopped_count=0, restarted_count=0

Compilation events (20 events):
Event: 765.775 Thread 0x000002383c303650 28327       1       org.gradle.internal.logging.text.AbstractLineChoppingStyledTextOutput$StateContext::access$000 (5 bytes)
Event: 765.775 Thread 0x000002383c303650 nmethod 28327 0x000002382f39d510 code [0x000002382f39d6a0, 0x000002382f39d750]
Event: 765.775 Thread 0x0000023892960580 28315 %     4       jdk.internal.reflect.ClassFileAssembler::emitConstantPoolUTF8 @ 19 (50 bytes)
Event: 765.775 Thread 0x000002383c303650 28336   !   3       java.io.BufferedWriter::write (82 bytes)
Event: 765.776 Thread 0x000002383c303650 nmethod 28336 0x000002382932e490 code [0x000002382932e720, 0x000002382932f578]
Event: 765.776 Thread 0x000002383c303650 28337       3       sun.nio.cs.StreamEncoder::ensureOpen (18 bytes)
Event: 765.776 Thread 0x000002383c303650 nmethod 28337 0x000002382932fa90 code [0x000002382932fc40, 0x000002382932fe48]
Event: 765.779 Thread 0x0000023892960580 nmethod 28315% 0x000002382f39d810 code [0x000002382f39d9e0, 0x000002382f39dcb8]
Event: 765.779 Thread 0x0000023892960580 28317 % !   4       jdk.internal.reflect.UTF8::encode @ 17 (191 bytes)
Event: 765.783 Thread 0x0000023892960580 nmethod 28317% 0x000002382f39df10 code [0x000002382f39e0c0, 0x000002382f39e3e0]
Event: 765.783 Thread 0x0000023892960580 28318 %     4       jdk.internal.reflect.UTF8::utf8Length @ 9 (81 bytes)
Event: 765.785 Thread 0x0000023892960580 nmethod 28318% 0x000002382f39e690 code [0x000002382f39e840, 0x000002382f39ea70]
Event: 765.785 Thread 0x0000023892960580 28328       4       org.gradle.internal.logging.text.AbstractLineChoppingStyledTextOutput$StateContext::hasChar (25 bytes)
Event: 765.786 Thread 0x0000023892960580 nmethod 28328 0x000002382f39ec90 code [0x000002382f39ee20, 0x000002382f39eed8]
Event: 765.786 Thread 0x0000023892960580 28322       4       org.gradle.internal.logging.text.AbstractLineChoppingStyledTextOutput$StateContext::setState (10 bytes)
Event: 765.786 Thread 0x0000023892960580 nmethod 28322 0x000002382f39ef90 code [0x000002382f39f120, 0x000002382f39f298]
Event: 765.786 Thread 0x0000023892960580 28324       4       org.gradle.internal.logging.text.AbstractLineChoppingStyledTextOutput::access$800 (4 bytes)
Event: 765.786 Thread 0x0000023892960580 nmethod 28324 0x000002382f39f390 code [0x000002382f39f520, 0x000002382f39f590]
Event: 765.786 Thread 0x0000023892960580 28325       4       org.gradle.internal.logging.text.AbstractLineChoppingStyledTextOutput$2::execute (9 bytes)
Event: 766.204 Thread 0x000002383c303650 28338       3       java.util.concurrent.TimeUnit::toNanos (45 bytes)

GC Heap History (20 events):
Event: 751.725 GC heap before
{Heap before GC invocations=52 (full 0):
 garbage-first heap   total 297984K, used 252501K [0x0000000080000000, 0x0000000100000000)
  region size 1024K, 98 young (100352K), 7 survivors (7168K)
 Metaspace       used 152189K, committed 154688K, reserved 1245184K
  class space    used 20277K, committed 21504K, reserved 1048576K
}
Event: 751.734 GC heap after
{Heap after GC invocations=53 (full 0):
 garbage-first heap   total 297984K, used 167168K [0x0000000080000000, 0x0000000100000000)
  region size 1024K, 13 young (13312K), 13 survivors (13312K)
 Metaspace       used 152189K, committed 154688K, reserved 1245184K
  class space    used 20277K, committed 21504K, reserved 1048576K
}
Event: 752.671 GC heap before
{Heap before GC invocations=53 (full 0):
 garbage-first heap   total 297984K, used 259328K [0x0000000080000000, 0x0000000100000000)
  region size 1024K, 103 young (105472K), 13 survivors (13312K)
 Metaspace       used 162684K, committed 165248K, reserved 1245184K
  class space    used 21318K, committed 22592K, reserved 1048576K
}
Event: 752.680 GC heap after
{Heap after GC invocations=54 (full 0):
 garbage-first heap   total 297984K, used 174889K [0x0000000080000000, 0x0000000100000000)
  region size 1024K, 10 young (10240K), 10 survivors (10240K)
 Metaspace       used 162684K, committed 165248K, reserved 1245184K
  class space    used 21318K, committed 22592K, reserved 1048576K
}
Event: 753.464 GC heap before
{Heap before GC invocations=54 (full 0):
 garbage-first heap   total 297984K, used 262953K [0x0000000080000000, 0x0000000100000000)
  region size 1024K, 96 young (98304K), 10 survivors (10240K)
 Metaspace       used 171563K, committed 174080K, reserved 1245184K
  class space    used 22401K, committed 23680K, reserved 1048576K
}
Event: 753.468 GC heap after
{Heap after GC invocations=55 (full 0):
 garbage-first heap   total 297984K, used 184527K [0x0000000080000000, 0x0000000100000000)
  region size 1024K, 10 young (10240K), 10 survivors (10240K)
 Metaspace       used 171563K, committed 174080K, reserved 1245184K
  class space    used 22401K, committed 23680K, reserved 1048576K
}
Event: 753.675 GC heap before
{Heap before GC invocations=56 (full 0):
 garbage-first heap   total 309248K, used 266447K [0x0000000080000000, 0x0000000100000000)
  region size 1024K, 90 young (92160K), 10 survivors (10240K)
 Metaspace       used 171638K, committed 174208K, reserved 1245184K
  class space    used 22403K, committed 23680K, reserved 1048576K
}
Event: 753.682 GC heap after
{Heap after GC invocations=57 (full 0):
 garbage-first heap   total 310272K, used 217163K [0x0000000080000000, 0x0000000100000000)
  region size 1024K, 12 young (12288K), 12 survivors (12288K)
 Metaspace       used 171638K, committed 174208K, reserved 1245184K
  class space    used 22403K, committed 23680K, reserved 1048576K
}
Event: 754.122 GC heap before
{Heap before GC invocations=57 (full 0):
 garbage-first heap   total 310272K, used 274507K [0x0000000080000000, 0x0000000100000000)
  region size 1024K, 67 young (68608K), 12 survivors (12288K)
 Metaspace       used 172206K, committed 174784K, reserved 1245184K
  class space    used 22424K, committed 23680K, reserved 1048576K
}
Event: 754.128 GC heap after
{Heap after GC invocations=58 (full 0):
 garbage-first heap   total 310272K, used 234635K [0x0000000080000000, 0x0000000100000000)
  region size 1024K, 9 young (9216K), 9 survivors (9216K)
 Metaspace       used 172206K, committed 174784K, reserved 1245184K
  class space    used 22424K, committed 23680K, reserved 1048576K
}
Event: 754.129 GC heap before
{Heap before GC invocations=58 (full 0):
 garbage-first heap   total 310272K, used 235659K [0x0000000080000000, 0x0000000100000000)
  region size 1024K, 11 young (11264K), 9 survivors (9216K)
 Metaspace       used 172206K, committed 174784K, reserved 1245184K
  class space    used 22424K, committed 23680K, reserved 1048576K
}
Event: 754.132 GC heap after
{Heap after GC invocations=59 (full 0):
 garbage-first heap   total 310272K, used 238466K [0x0000000080000000, 0x0000000100000000)
  region size 1024K, 2 young (2048K), 2 survivors (2048K)
 Metaspace       used 172206K, committed 174784K, reserved 1245184K
  class space    used 22424K, committed 23680K, reserved 1048576K
}
Event: 754.461 GC heap before
{Heap before GC invocations=60 (full 0):
 garbage-first heap   total 362496K, used 254850K [0x0000000080000000, 0x0000000100000000)
  region size 1024K, 40 young (40960K), 2 survivors (2048K)
 Metaspace       used 173243K, committed 175808K, reserved 1245184K
  class space    used 22455K, committed 23744K, reserved 1048576K
}
Event: 754.465 GC heap after
{Heap after GC invocations=61 (full 0):
 garbage-first heap   total 362496K, used 227089K [0x0000000080000000, 0x0000000100000000)
  region size 1024K, 5 young (5120K), 5 survivors (5120K)
 Metaspace       used 173243K, committed 175808K, reserved 1245184K
  class space    used 22455K, committed 23744K, reserved 1048576K
}
Event: 755.723 GC heap before
{Heap before GC invocations=61 (full 0):
 garbage-first heap   total 362496K, used 301841K [0x0000000080000000, 0x0000000100000000)
  region size 1024K, 79 young (80896K), 5 survivors (5120K)
 Metaspace       used 179975K, committed 182528K, reserved 1245184K
  class space    used 23038K, committed 24320K, reserved 1048576K
}
Event: 755.734 GC heap after
{Heap after GC invocations=62 (full 0):
 garbage-first heap   total 362496K, used 209747K [0x0000000080000000, 0x0000000100000000)
  region size 1024K, 10 young (10240K), 10 survivors (10240K)
 Metaspace       used 179975K, committed 182528K, reserved 1245184K
  class space    used 23038K, committed 24320K, reserved 1048576K
}
Event: 759.645 GC heap before
{Heap before GC invocations=62 (full 0):
 garbage-first heap   total 362496K, used 298835K [0x0000000080000000, 0x0000000100000000)
  region size 1024K, 98 young (100352K), 10 survivors (10240K)
 Metaspace       used 184563K, committed 187136K, reserved 1245184K
  class space    used 23589K, committed 24896K, reserved 1048576K
}
Event: 759.651 GC heap after
{Heap after GC invocations=63 (full 0):
 garbage-first heap   total 362496K, used 218236K [0x0000000080000000, 0x0000000100000000)
  region size 1024K, 10 young (10240K), 10 survivors (10240K)
 Metaspace       used 184563K, committed 187136K, reserved 1245184K
  class space    used 23589K, committed 24896K, reserved 1048576K
}
Event: 760.284 GC heap before
{Heap before GC invocations=63 (full 0):
 garbage-first heap   total 362496K, used 279676K [0x0000000080000000, 0x0000000100000000)
  region size 1024K, 71 young (72704K), 10 survivors (10240K)
 Metaspace       used 185722K, committed 188352K, reserved 1245184K
  class space    used 23724K, committed 25024K, reserved 1048576K
}
Event: 760.288 GC heap after
{Heap after GC invocations=64 (full 0):
 garbage-first heap   total 362496K, used 220864K [0x0000000080000000, 0x0000000100000000)
  region size 1024K, 3 young (3072K), 3 survivors (3072K)
 Metaspace       used 185722K, committed 188352K, reserved 1245184K
  class space    used 23724K, committed 25024K, reserved 1048576K
}

Dll operation events (16 events):
Event: 0.010 Loaded shared library C:\Program Files\Eclipse Adoptium\jdk-21.0.10.7-hotspot\bin\java.dll
Event: 0.031 Loaded shared library C:\Program Files\Eclipse Adoptium\jdk-21.0.10.7-hotspot\bin\jsvml.dll
Event: 0.055 Loaded shared library C:\Program Files\Eclipse Adoptium\jdk-21.0.10.7-hotspot\bin\zip.dll
Event: 0.058 Loaded shared library C:\Program Files\Eclipse Adoptium\jdk-21.0.10.7-hotspot\bin\instrument.dll
Event: 0.061 Loaded shared library C:\Program Files\Eclipse Adoptium\jdk-21.0.10.7-hotspot\bin\net.dll
Event: 0.063 Loaded shared library C:\Program Files\Eclipse Adoptium\jdk-21.0.10.7-hotspot\bin\nio.dll
Event: 0.065 Loaded shared library C:\Program Files\Eclipse Adoptium\jdk-21.0.10.7-hotspot\bin\zip.dll
Event: 0.153 Loaded shared library C:\Program Files\Eclipse Adoptium\jdk-21.0.10.7-hotspot\bin\jimage.dll
Event: 0.278 Loaded shared library C:\Program Files\Eclipse Adoptium\jdk-21.0.10.7-hotspot\bin\verify.dll
Event: 0.301 Loaded shared library C:\Users\5PRO\.gradle\native\660c5614fbf4a5f2a75b1949f50a0caf5cd603558e7d8a26e50b933a0cfb79d1\windows-amd64\native-platform.dll
Event: 0.314 Loaded shared library C:\Users\5PRO\.gradle\native\0.2.8\x86_64-windows-gnu\gradle-fileevents.dll
Event: 0.945 Loaded shared library C:\Program Files\Eclipse Adoptium\jdk-21.0.10.7-hotspot\bin\management.dll
Event: 0.948 Loaded shared library C:\Program Files\Eclipse Adoptium\jdk-21.0.10.7-hotspot\bin\management_ext.dll
Event: 1.040 Loaded shared library C:\Program Files\Eclipse Adoptium\jdk-21.0.10.7-hotspot\bin\extnet.dll
Event: 1.172 Loaded shared library C:\Program Files\Eclipse Adoptium\jdk-21.0.10.7-hotspot\bin\sunmscapi.dll
Event: 765.733 Loaded shared library C:\Program Files\Eclipse Adoptium\jdk-21.0.10.7-hotspot\bin\rmi.dll

Deoptimization events (20 events):
Event: 765.731 Thread 0x000002380e4dd7f0 Uncommon trap: trap_request=0xffffff45 fr.pc=0x000002382eba9e30 relative=0x0000000000000090
Event: 765.731 Thread 0x000002380e4dd7f0 Uncommon trap: reason=unstable_if action=reinterpret pc=0x000002382eba9e30 method=java.util.concurrent.TimeUnit.toNanos(J)J @ 22 c2
Event: 765.731 Thread 0x000002380e4dd7f0 DEOPT PACKING pc=0x000002382eba9e30 sp=0x000000fc66ffef80
Event: 765.732 Thread 0x000002380e4dd7f0 DEOPT UNPACKING pc=0x000002382e154422 sp=0x000000fc66ffeef0 mode 2
Event: 765.734 Thread 0x0000023891bab240 Uncommon trap: trap_request=0xffffffde fr.pc=0x000002382eb148a4 relative=0x0000000000000a64
Event: 765.734 Thread 0x0000023891bab240 Uncommon trap: reason=class_check action=maybe_recompile pc=0x000002382eb148a4 method=java.util.WeakHashMap.matchesKey(Ljava/util/WeakHashMap$Entry;Ljava/lang/Object;)Z @ 21 c2
Event: 765.734 Thread 0x0000023891bab240 DEOPT PACKING pc=0x000002382eb148a4 sp=0x000000fc66cfd110
Event: 765.734 Thread 0x0000023891bab240 DEOPT UNPACKING pc=0x000002382e154422 sp=0x000000fc66cfd070 mode 2
Event: 765.736 Thread 0x0000023891bab240 Uncommon trap: trap_request=0xffffffde fr.pc=0x000002382f04b444 relative=0x00000000000015a4
Event: 765.736 Thread 0x0000023891bab240 Uncommon trap: reason=class_check action=maybe_recompile pc=0x000002382f04b444 method=java.io.ObjectOutputStream.writeObject0(Ljava/lang/Object;Z)V @ 240 c2
Event: 765.736 Thread 0x0000023891bab240 DEOPT PACKING pc=0x000002382f04b444 sp=0x000000fc66cfd350
Event: 765.736 Thread 0x0000023891bab240 DEOPT UNPACKING pc=0x000002382e154422 sp=0x000000fc66cfd2f8 mode 2
Event: 765.737 Thread 0x0000023891bab240 Uncommon trap: trap_request=0xffffffde fr.pc=0x000002382f04b444 relative=0x00000000000015a4
Event: 765.737 Thread 0x0000023891bab240 Uncommon trap: reason=class_check action=maybe_recompile pc=0x000002382f04b444 method=java.io.ObjectOutputStream.writeObject0(Ljava/lang/Object;Z)V @ 240 c2
Event: 765.737 Thread 0x0000023891bab240 DEOPT PACKING pc=0x000002382f04b444 sp=0x000000fc66cfd1e0
Event: 765.737 Thread 0x0000023891bab240 DEOPT UNPACKING pc=0x000002382e154422 sp=0x000000fc66cfd1a0 mode 2
Event: 765.738 Thread 0x0000023891bab240 Uncommon trap: trap_request=0xffffffde fr.pc=0x000002382f04b444 relative=0x00000000000015a4
Event: 765.738 Thread 0x0000023891bab240 Uncommon trap: reason=class_check action=maybe_recompile pc=0x000002382f04b444 method=java.io.ObjectOutputStream.writeObject0(Ljava/lang/Object;Z)V @ 240 c2
Event: 765.738 Thread 0x0000023891bab240 DEOPT PACKING pc=0x000002382f04b444 sp=0x000000fc66cfcec0
Event: 765.738 Thread 0x0000023891bab240 DEOPT UNPACKING pc=0x000002382e154422 sp=0x000000fc66cfce68 mode 2

Classes loaded (20 events):
Event: 765.747 Loading class sun/rmi/transport/DGCImpl_Skel
Event: 765.747 Loading class java/rmi/server/Skeleton
Event: 765.747 Loading class java/rmi/server/Skeleton done
Event: 765.747 Loading class sun/rmi/transport/DGCImpl_Skel done
Event: 765.747 Loading class sun/rmi/transport/DGCImpl$2$1
Event: 765.747 Loading class sun/rmi/transport/DGCImpl$2$1 done
Event: 765.747 Loading class sun/rmi/transport/Target
Event: 765.748 Loading class sun/rmi/transport/Target done
Event: 765.748 Loading class sun/rmi/transport/WeakRef
Event: 765.748 Loading class sun/rmi/transport/WeakRef done
Event: 765.748 Loading class sun/rmi/transport/ObjectTable
Event: 765.748 Loading class sun/rmi/transport/ObjectTable done
Event: 765.748 Loading class sun/rmi/transport/ObjectEndpoint
Event: 765.748 Loading class sun/rmi/transport/ObjectEndpoint done
Event: 765.749 Loading class sun/rmi/server/WeakClassHashMap$ValueCell
Event: 765.749 Loading class sun/rmi/server/WeakClassHashMap$ValueCell done
Event: 765.749 Loading class java/rmi/server/RemoteObjectInvocationHandler$MethodToHash_Maps$1
Event: 765.749 Loading class java/rmi/server/RemoteObjectInvocationHandler$MethodToHash_Maps$1 done
Event: 765.749 Loading class java/security/DigestOutputStream
Event: 765.750 Loading class java/security/DigestOutputStream done

Classes unloaded (1 events):
Event: 749.065 Thread 0x000002383b9bc070 Unloading class 0x000002383ecb2000 'java/lang/invoke/LambdaForm$MH+0x000002383ecb2000'

Classes redefined (0 events):
No events

Internal exceptions (20 events):
Event: 760.530 Thread 0x000002380e2ad090 Exception <a 'sun/nio/fs/WindowsException'{0x0000000094152bb0}> (0x0000000094152bb0) 
thrown [s\src\hotspot\share\prims\jni.cpp, line 520]
Event: 760.531 Thread 0x000002380e2ad090 Exception <a 'java/io/FileNotFoundException'{0x000000009415d508}> (0x000000009415d508) 
thrown [s\src\hotspot\share\prims\jni.cpp, line 520]
Event: 760.648 Thread 0x000002380e2ad090 Exception <a 'sun/nio/fs/WindowsException'{0x000000009231f978}> (0x000000009231f978) 
thrown [s\src\hotspot\share\prims\jni.cpp, line 520]
Event: 760.649 Thread 0x000002380e2ad090 Exception <a 'java/io/FileNotFoundException'{0x000000009232a2d8}> (0x000000009232a2d8) 
thrown [s\src\hotspot\share\prims\jni.cpp, line 520]
Event: 760.657 Thread 0x000002380e2ad090 Exception <a 'sun/nio/fs/WindowsException'{0x00000000923647b0}> (0x00000000923647b0) 
thrown [s\src\hotspot\share\prims\jni.cpp, line 520]
Event: 760.658 Thread 0x000002380e2ad090 Exception <a 'java/io/FileNotFoundException'{0x000000009236f118}> (0x000000009236f118) 
thrown [s\src\hotspot\share\prims\jni.cpp, line 520]
Event: 760.666 Thread 0x00000238069dc3b0 Exception <a 'sun/nio/fs/WindowsException'{0x0000000092201e08}> (0x0000000092201e08) 
thrown [s\src\hotspot\share\prims\jni.cpp, line 520]
Event: 760.668 Thread 0x00000238069dc3b0 Exception <a 'java/io/FileNotFoundException'{0x0000000092212a98}> (0x0000000092212a98) 
thrown [s\src\hotspot\share\prims\jni.cpp, line 520]
Event: 760.764 Thread 0x000002380e2ad090 Exception <a 'java/lang/NoSuchMethodError'{0x0000000091aec930}: static Ljava/lang/Object;.<clinit>()V> (0x0000000091aec930) 
thrown [s\src\hotspot\share\prims\jni.cpp, line 1111]
Event: 760.764 Thread 0x000002380e2ad090 Exception <a 'java/lang/NoSuchMethodError'{0x00000000919036e8}: static Lorg/jetbrains/kotlin/incremental/ClasspathChanges$ClasspathSnapshotEnabled$NotAvailableForNonIncrementalRun;.<clinit>()V> (0x00000000919036e8) 
thrown [s\src\hotspot\share\prims\jni.cpp, line 1111]
Event: 765.723 Thread 0x0000023891bab240 Exception <a 'java/lang/NoSuchMethodError'{0x0000000091476ad0}: static Lorg/jetbrains/kotlin/daemon/common/LoopbackNetworkInterface$AbstractClientLoopbackSocketFactory;.<clinit>()V> (0x0000000091476ad0) 
thrown [s\src\hotspot\share\prims\jni.cpp, line 1111]
Event: 765.723 Thread 0x0000023891bab240 Exception <a 'java/lang/NoSuchMethodError'{0x0000000091483138}: static Lorg/jetbrains/kotlin/daemon/common/LoopbackNetworkInterface$ClientLoopbackSocketFactory;.<clinit>()V> (0x0000000091483138) 
thrown [s\src\hotspot\share\prims\jni.cpp, line 1111]
Event: 765.736 Thread 0x0000023891bab240 Exception <a 'java/lang/NoSuchMethodError'{0x00000000913221f8}: static [Ljava/rmi/server/ObjID;.<clinit>()V> (0x00000000913221f8) 
thrown [s\src\hotspot\share\prims\jni.cpp, line 1111]
Event: 765.739 Thread 0x0000023891bab240 Exception <a 'java/lang/NoSuchMethodError'{0x00000000913468a0}: static [B.<clinit>()V> (0x00000000913468a0) 
thrown [s\src\hotspot\share\prims\jni.cpp, line 1111]
Event: 765.745 Thread 0x000002380e4dd7f0 Exception <a 'java/lang/NoSuchMethodError'{0x00000000914f5800}: 'java.lang.Object java.lang.invoke.DirectMethodHandle$Holder.invokeSpecial(java.lang.Object, java.lang.Object, int, java.lang.Object, long)'> (0x00000000914f5800) 
thrown [s\src\hotspot\share\interpreter\linkResolver.cpp, line 773]
Event: 765.746 Thread 0x000002380e4dd7f0 Exception <a 'java/lang/NoSuchMethodError'{0x00000000914fc2e8}: 'java.lang.Object java.lang.invoke.DirectMethodHandle$Holder.newInvokeSpecial(java.lang.Object, java.lang.Object, int, java.lang.Object, long)'> (0x00000000914fc2e8) 
thrown [s\src\hotspot\share\interpreter\linkResolver.cpp, line 773]
Event: 765.762 Thread 0x0000023891bab240 Exception <a 'java/lang/NoSuchMethodError'{0x000000009139ebd0}: static Lorg/jetbrains/kotlin/daemon/common/CompileService$CallResult;.<clinit>()V> (0x000000009139ebd0) 
thrown [s\src\hotspot\share\prims\jni.cpp, line 1111]
Event: 765.763 Thread 0x0000023891bab240 Exception <a 'java/lang/NoSuchMethodError'{0x00000000913aac60}: static Lorg/jetbrains/kotlin/daemon/common/CompileService$CallResult$Good;.<clinit>()V> (0x00000000913aac60) 
thrown [s\src\hotspot\share\prims\jni.cpp, line 1111]
Event: 765.764 Thread 0x0000023891bab240 Exception <a 'java/lang/NoSuchMethodError'{0x00000000913b7f60}: static Lorg/jetbrains/kotlin/daemon/common/DaemonJVMOptions;.<clinit>()V> (0x00000000913b7f60) 
thrown [s\src\hotspot\share\prims\jni.cpp, line 1111]
Event: 765.770 Thread 0x0000023891bab240 Exception <a 'java/lang/NoSuchMethodError'{0x00000000913d3768}: static Lorg/jetbrains/kotlin/daemon/common/CompileService$CallResult$Ok;.<clinit>()V> (0x00000000913d3768) 
thrown [s\src\hotspot\share\prims\jni.cpp, line 1111]

ZGC Phase Switch (0 events):
No events

VM Operations (20 events):
Event: 759.966 Executing safepoint VM operation: ICBufferFull
Event: 759.966 Executing safepoint VM operation: ICBufferFull done
Event: 760.180 Executing safepoint VM operation: ICBufferFull
Event: 760.180 Executing safepoint VM operation: ICBufferFull done
Event: 760.284 Executing safepoint VM operation: G1TryInitiateConcMark (G1 Humongous Allocation)
Event: 760.288 Executing safepoint VM operation: G1TryInitiateConcMark (G1 Humongous Allocation) done
Event: 760.324 Executing safepoint VM operation: G1PauseRemark
Event: 760.338 Executing safepoint VM operation: G1PauseRemark done
Event: 760.365 Executing safepoint VM operation: G1PauseCleanup
Event: 760.375 Executing safepoint VM operation: G1PauseCleanup done
Event: 760.584 Executing non-safepoint VM operation: HandshakeAllThreads (Deoptimize)
Event: 760.584 Executing non-safepoint VM operation: HandshakeAllThreads (Deoptimize) done
Event: 760.671 Executing safepoint VM operation: ICBufferFull
Event: 760.671 Executing safepoint VM operation: ICBufferFull done
Event: 761.680 Executing safepoint VM operation: Cleanup
Event: 761.680 Executing safepoint VM operation: Cleanup done
Event: 765.676 Executing non-safepoint VM operation: HandshakeAllThreads (Deoptimize)
Event: 765.676 Executing non-safepoint VM operation: HandshakeAllThreads (Deoptimize) done
Event: 765.676 Executing safepoint VM operation: Cleanup
Event: 765.676 Executing safepoint VM operation: Cleanup done

Memory protections (0 events):
No events

Nmethod flushes (20 events):
Event: 760.337 Thread 0x000002383b9bc070 flushing  nmethod 0x0000023826e87890
Event: 760.337 Thread 0x000002383b9bc070 flushing  nmethod 0x0000023826ee6790
Event: 760.337 Thread 0x000002383b9bc070 flushing  nmethod 0x000002382728d610
Event: 760.337 Thread 0x000002383b9bc070 flushing  nmethod 0x0000023827723110
Event: 760.337 Thread 0x000002383b9bc070 flushing  nmethod 0x0000023827728510
Event: 760.337 Thread 0x000002383b9bc070 flushing  nmethod 0x0000023827862390
Event: 760.337 Thread 0x000002383b9bc070 flushing  nmethod 0x0000023827a61c90
Event: 760.337 Thread 0x000002383b9bc070 flushing  nmethod 0x0000023827cd8b10
Event: 760.337 Thread 0x000002383b9bc070 flushing  nmethod 0x0000023828657210
Event: 760.337 Thread 0x000002383b9bc070 flushing  nmethod 0x0000023826e19090
Event: 760.337 Thread 0x000002383b9bc070 flushing  nmethod 0x0000023826e1d190
Event: 760.337 Thread 0x000002383b9bc070 flushing  nmethod 0x0000023826ea4610
Event: 760.337 Thread 0x000002383b9bc070 flushing  nmethod 0x0000023826ee0c90
Event: 760.337 Thread 0x000002383b9bc070 flushing  nmethod 0x00000238272f3c10
Event: 760.337 Thread 0x000002383b9bc070 flushing  nmethod 0x00000238278e2b90
Event: 760.337 Thread 0x000002383b9bc070 flushing  nmethod 0x0000023827906610
Event: 760.337 Thread 0x000002383b9bc070 flushing  nmethod 0x000002382793a890
Event: 760.337 Thread 0x000002383b9bc070 flushing  nmethod 0x00000238279cae10
Event: 760.337 Thread 0x000002383b9bc070 flushing  nmethod 0x0000023827dd6d90
Event: 760.337 Thread 0x000002383b9bc070 flushing  nmethod 0x0000023827dd8e90

Events (20 events):
Event: 758.462 Thread 0x0000023892961320 Thread exited: 0x0000023892961320
Event: 759.038 Thread 0x0000023804df8330 Thread added: 0x0000023892960580
Event: 759.040 Thread 0x0000023804df8330 Thread added: 0x00000238929620c0
Event: 759.630 Thread 0x00000238929620c0 Thread exited: 0x00000238929620c0
Event: 760.478 Thread 0x0000023892960580 Thread exited: 0x0000023892960580
Event: 760.538 Thread 0x0000023804dfb2e0 Thread added: 0x0000023892960580
Event: 760.765 Thread 0x000002380e2ad090 Thread added: 0x0000023891bab240
Event: 760.773 Thread 0x0000023891bab240 Thread added: 0x0000023891336090
Event: 760.959 Thread 0x0000023891336090 Thread exited: 0x0000023891336090
Event: 760.960 Thread 0x0000023892960580 Thread exited: 0x0000023892960580
Event: 760.965 Thread 0x0000023891bab240 Thread added: 0x0000023891336090
Event: 763.974 Thread 0x0000023804df8330 Thread exited: 0x0000023804df8330
Event: 765.652 Thread 0x0000023891336090 Thread exited: 0x0000023891336090
Event: 765.658 Thread 0x0000023804dfb9b0 Thread exited: 0x0000023804dfb9b0
Event: 765.658 Thread 0x0000023804dfb2e0 Thread exited: 0x0000023804dfb2e0
Event: 765.721 Thread 0x000002383c303650 Thread added: 0x0000023892963530
Event: 765.725 Thread 0x0000023891bab240 Thread added: 0x000002380e4dc440
Event: 765.731 Thread 0x0000023891bab240 Thread added: 0x000002380e4dd7f0
Event: 765.734 Thread 0x0000023891bab240 Thread added: 0x0000023891bab8d0
Event: 765.775 Thread 0x000002383c303650 Thread added: 0x0000023892960580


Dynamic libraries:
0x00007ff766fc0000 - 0x00007ff766fce000 	C:\Program Files\Eclipse Adoptium\jdk-21.0.10.7-hotspot\bin\java.exe
0x00007ffc1aec0000 - 0x00007ffc1b126000 	C:\WINDOWS\SYSTEM32\ntdll.dll
0x00007ffc19350000 - 0x00007ffc19419000 	C:\WINDOWS\System32\KERNEL32.DLL
0x00007ffc180d0000 - 0x00007ffc184cf000 	C:\WINDOWS\System32\KERNELBASE.dll
0x00007ffc18620000 - 0x00007ffc1876c000 	C:\WINDOWS\System32\ucrtbase.dll
0x00007ffc09d70000 - 0x00007ffc09d8e000 	C:\Program Files\Eclipse Adoptium\jdk-21.0.10.7-hotspot\bin\VCRUNTIME140.dll
0x00007ffc0c1b0000 - 0x00007ffc0c1c8000 	C:\Program Files\Eclipse Adoptium\jdk-21.0.10.7-hotspot\bin\jli.dll
0x00007ffc19ea0000 - 0x00007ffc1a066000 	C:\WINDOWS\System32\USER32.dll
0x00007ffbf8110000 - 0x00007ffbf83a1000 	C:\WINDOWS\WinSxS\amd64_microsoft.windows.common-controls_6595b64144ccf1df_6.0.26100.8972_none_3e0da176e32f9d4b\COMCTL32.dll
0x00007ffc18900000 - 0x00007ffc18927000 	C:\WINDOWS\System32\win32u.dll
0x00007ffc198b0000 - 0x00007ffc19959000 	C:\WINDOWS\System32\msvcrt.dll
0x00007ffc19220000 - 0x00007ffc1924b000 	C:\WINDOWS\System32\GDI32.dll
0x00007ffc18ac0000 - 0x00007ffc18be9000 	C:\WINDOWS\System32\gdi32full.dll
0x00007ffc184e0000 - 0x00007ffc18583000 	C:\WINDOWS\System32\msvcp_win.dll
0x00007ffc194d0000 - 0x00007ffc19502000 	C:\WINDOWS\System32\IMM32.DLL
0x00007ffc14a70000 - 0x00007ffc14a7c000 	C:\Program Files\Eclipse Adoptium\jdk-21.0.10.7-hotspot\bin\vcruntime140_1.dll
0x00007ffbb3550000 - 0x00007ffbb35dd000 	C:\Program Files\Eclipse Adoptium\jdk-21.0.10.7-hotspot\bin\msvcp140.dll
0x00007ffad0f00000 - 0x00007ffad1ca1000 	C:\Program Files\Eclipse Adoptium\jdk-21.0.10.7-hotspot\bin\server\jvm.dll
0x00007ffc19a40000 - 0x00007ffc19afc000 	C:\WINDOWS\System32\ADVAPI32.dll
0x00007ffc19250000 - 0x00007ffc192fa000 	C:\WINDOWS\System32\sechost.dll
0x00007ffc19b10000 - 0x00007ffc19c28000 	C:\WINDOWS\System32\RPCRT4.dll
0x00007ffc19420000 - 0x00007ffc194a2000 	C:\WINDOWS\System32\WS2_32.dll
0x00007ffc17d70000 - 0x00007ffc17dce000 	C:\WINDOWS\SYSTEM32\POWRPROF.dll
0x00007ffc0fd10000 - 0x00007ffc0fd1b000 	C:\WINDOWS\SYSTEM32\VERSION.dll
0x00007ffc027d0000 - 0x00007ffc02806000 	C:\WINDOWS\SYSTEM32\WINMM.dll
0x00007ffc17d50000 - 0x00007ffc17d65000 	C:\WINDOWS\SYSTEM32\UMPDC.dll
0x00007ffc16d20000 - 0x00007ffc16d3b000 	C:\WINDOWS\SYSTEM32\kernel.appcore.dll
0x00007ffc0d600000 - 0x00007ffc0d60a000 	C:\Program Files\Eclipse Adoptium\jdk-21.0.10.7-hotspot\bin\jimage.dll
0x00007ffc15100000 - 0x00007ffc15342000 	C:\WINDOWS\SYSTEM32\DBGHELP.DLL
0x00007ffc1aaf0000 - 0x00007ffc1ae75000 	C:\WINDOWS\System32\combase.dll
0x00007ffc19960000 - 0x00007ffc19a39000 	C:\WINDOWS\System32\OLEAUT32.dll
0x00007ffc0f570000 - 0x00007ffc0f5ab000 	C:\WINDOWS\SYSTEM32\dbgcore.DLL
0x00007ffc18780000 - 0x00007ffc1882c000 	C:\WINDOWS\System32\bcryptPrimitives.dll
0x00007ffbeb290000 - 0x00007ffbeb29f000 	C:\Program Files\Eclipse Adoptium\jdk-21.0.10.7-hotspot\bin\instrument.dll
0x00007ffc09d50000 - 0x00007ffc09d70000 	C:\Program Files\Eclipse Adoptium\jdk-21.0.10.7-hotspot\bin\java.dll
0x00007ffc1a250000 - 0x00007ffc1a9d8000 	C:\WINDOWS\System32\SHELL32.dll
0x00007ffc15b70000 - 0x00007ffc1640b000 	C:\WINDOWS\SYSTEM32\windows.storage.dll
0x00007ffc19da0000 - 0x00007ffc19e99000 	C:\WINDOWS\System32\SHCORE.dll
0x00007ffc1a9f0000 - 0x00007ffc1aa56000 	C:\WINDOWS\System32\shlwapi.dll
0x00007ffc17ff0000 - 0x00007ffc18019000 	C:\WINDOWS\SYSTEM32\profapi.dll
0x00007ffb8be10000 - 0x00007ffb8bee7000 	C:\Program Files\Eclipse Adoptium\jdk-21.0.10.7-hotspot\bin\jsvml.dll
0x00007ffc09b70000 - 0x00007ffc09b88000 	C:\Program Files\Eclipse Adoptium\jdk-21.0.10.7-hotspot\bin\zip.dll
0x00007ffc0d1d0000 - 0x00007ffc0d1e0000 	C:\Program Files\Eclipse Adoptium\jdk-21.0.10.7-hotspot\bin\net.dll
0x00007ffc0f660000 - 0x00007ffc0f788000 	C:\WINDOWS\SYSTEM32\WINHTTP.dll
0x00007ffc17370000 - 0x00007ffc173dc000 	C:\WINDOWS\system32\mswsock.dll
0x00007ffc09b90000 - 0x00007ffc09ba6000 	C:\Program Files\Eclipse Adoptium\jdk-21.0.10.7-hotspot\bin\nio.dll
0x00007ffbeb2a0000 - 0x00007ffbeb2b0000 	C:\Program Files\Eclipse Adoptium\jdk-21.0.10.7-hotspot\bin\verify.dll
0x00007ffafeda0000 - 0x00007ffafedc7000 	C:\Users\5PRO\.gradle\native\660c5614fbf4a5f2a75b1949f50a0caf5cd603558e7d8a26e50b933a0cfb79d1\windows-amd64\native-platform.dll
0x00007ffb8bd90000 - 0x00007ffb8be07000 	C:\Users\5PRO\.gradle\native\0.2.8\x86_64-windows-gnu\gradle-fileevents.dll
0x00007ffc0c1a0000 - 0x00007ffc0c1aa000 	C:\Program Files\Eclipse Adoptium\jdk-21.0.10.7-hotspot\bin\management.dll
0x00007ffc0a060000 - 0x00007ffc0a06c000 	C:\Program Files\Eclipse Adoptium\jdk-21.0.10.7-hotspot\bin\management_ext.dll
0x00007ffc1a9e0000 - 0x00007ffc1a9e8000 	C:\WINDOWS\System32\PSAPI.DLL
0x00007ffc16740000 - 0x00007ffc16773000 	C:\WINDOWS\SYSTEM32\IPHLPAPI.DLL
0x00007ffc19300000 - 0x00007ffc1930a000 	C:\WINDOWS\System32\NSI.dll
0x00007ffbeb2b0000 - 0x00007ffbeb2b9000 	C:\Program Files\Eclipse Adoptium\jdk-21.0.10.7-hotspot\bin\extnet.dll
0x00007ffc17660000 - 0x00007ffc1767b000 	C:\WINDOWS\SYSTEM32\CRYPTSP.dll
0x00007ffc16d40000 - 0x00007ffc16d79000 	C:\WINDOWS\system32\rsaenh.dll
0x00007ffc17420000 - 0x00007ffc17452000 	C:\WINDOWS\SYSTEM32\USERENV.dll
0x00007ffc17fc0000 - 0x00007ffc17fea000 	C:\WINDOWS\SYSTEM32\bcrypt.dll
0x00007ffc17680000 - 0x00007ffc1768c000 	C:\WINDOWS\SYSTEM32\CRYPTBASE.dll
0x00007ffbe74c0000 - 0x00007ffbe74ce000 	C:\Program Files\Eclipse Adoptium\jdk-21.0.10.7-hotspot\bin\sunmscapi.dll
0x00007ffc18930000 - 0x00007ffc18aae000 	C:\WINDOWS\System32\CRYPT32.dll
0x00007ffc17910000 - 0x00007ffc17940000 	C:\WINDOWS\SYSTEM32\ncrypt.dll
0x00007ffc178c0000 - 0x00007ffc178ff000 	C:\WINDOWS\SYSTEM32\NTASN1.dll
0x00007ffbe8e10000 - 0x00007ffbe8e18000 	C:\WINDOWS\system32\wshunix.dll
0x00007ffc16830000 - 0x00007ffc16988000 	C:\WINDOWS\SYSTEM32\DNSAPI.dll
0x00007ffc17150000 - 0x00007ffc1715d000 	C:\WINDOWS\SYSTEM32\DSPARSE.dll
0x00007ffc11330000 - 0x00007ffc1133b000 	C:\Windows\System32\rasadhlp.dll
0x00007ffc09960000 - 0x00007ffc099e6000 	C:\WINDOWS\System32\fwpuclnt.dll
0x00007ffc0f060000 - 0x00007ffc0f067000 	C:\Program Files\Eclipse Adoptium\jdk-21.0.10.7-hotspot\bin\rmi.dll

JVMTI agents:
C:\Users\5PRO\.gradle\wrapper\dists\gradle-9.4.1-bin\arn2x92ynaizyzdaamcbpbhtj\gradle-9.4.1\lib\agents\gradle-instrumentation-agent-9.4.1.jar path:C:\Program Files\Eclipse Adoptium\jdk-21.0.10.7-hotspot\bin\instrument.dll, loaded, initialized, instrumentlib options:none

dbghelp: loaded successfully - version: 4.0.5 - missing functions: none
symbol engine: initialized successfully - sym options: 0x614 - pdb path: .;C:\Program Files\Eclipse Adoptium\jdk-21.0.10.7-hotspot\bin;C:\WINDOWS\SYSTEM32;C:\WINDOWS\WinSxS\amd64_microsoft.windows.common-controls_6595b64144ccf1df_6.0.26100.8972_none_3e0da176e32f9d4b;C:\Program Files\Eclipse Adoptium\jdk-21.0.10.7-hotspot\bin\server;C:\Users\5PRO\.gradle\native\660c5614fbf4a5f2a75b1949f50a0caf5cd603558e7d8a26e50b933a0cfb79d1\windows-amd64;C:\Users\5PRO\.gradle\native\0.2.8\x86_64-windows-gnu

VM Arguments:
jvm_args: --add-opens=java.base/java.lang=ALL-UNNAMED --add-opens=java.base/java.lang.invoke=ALL-UNNAMED --add-opens=java.base/java.util=ALL-UNNAMED --add-opens=java.prefs/java.util.prefs=ALL-UNNAMED --add-exports=jdk.compiler/com.sun.tools.javac.api=ALL-UNNAMED --add-exports=jdk.compiler/com.sun.tools.javac.util=ALL-UNNAMED --add-opens=java.base/java.util=ALL-UNNAMED --add-opens=java.prefs/java.util.prefs=ALL-UNNAMED --add-opens=java.base/java.nio.charset=ALL-UNNAMED --add-opens=java.base/java.net=ALL-UNNAMED --add-opens=java.base/java.util.concurrent=ALL-UNNAMED --add-opens=java.base/java.util.concurrent.atomic=ALL-UNNAMED --add-opens=java.xml/javax.xml.namespace=ALL-UNNAMED --add-opens=java.base/java.time=ALL-UNNAMED -Xmx2048m -Dfile.encoding=UTF-8 -Duser.country=US -Duser.language=en -Duser.variant -javaagent:C:\Users\5PRO\.gradle\wrapper\dists\gradle-9.4.1-bin\arn2x92ynaizyzdaamcbpbhtj\gradle-9.4.1\lib\agents\gradle-instrumentation-agent-9.4.1.jar 
java_command: org.gradle.launcher.daemon.bootstrap.GradleDaemon 9.4.1
java_class_path (initial): C:\Users\5PRO\.gradle\wrapper\dists\gradle-9.4.1-bin\arn2x92ynaizyzdaamcbpbhtj\gradle-9.4.1\lib\gradle-daemon-main-9.4.1.jar
Launcher Type: SUN_STANDARD

[Global flags]
     intx CICompilerCount                          = 12                                        {product} {ergonomic}
     uint ConcGCThreads                            = 4                                         {product} {ergonomic}
     uint G1ConcRefinementThreads                  = 15                                        {product} {ergonomic}
   size_t G1HeapRegionSize                         = 1048576                                   {product} {ergonomic}
    uintx GCDrainStackTargetSize                   = 64                                        {product} {ergonomic}
   size_t InitialHeapSize                          = 264241152                                 {product} {ergonomic}
   size_t MarkStackSize                            = 4194304                                   {product} {ergonomic}
   size_t MaxHeapSize                              = 2147483648                                {product} {command line}
   size_t MaxNewSize                               = 1287651328                                {product} {ergonomic}
   size_t MinHeapDeltaBytes                        = 1048576                                   {product} {ergonomic}
   size_t MinHeapSize                              = 8388608                                   {product} {ergonomic}
    uintx NonNMethodCodeHeapSize                   = 7602480                                {pd product} {ergonomic}
    uintx NonProfiledCodeHeapSize                  = 122027880                              {pd product} {ergonomic}
    uintx ProfiledCodeHeapSize                     = 122027880                              {pd product} {ergonomic}
    uintx ReservedCodeCacheSize                    = 251658240                              {pd product} {ergonomic}
     bool SegmentedCodeCache                       = true                                      {product} {ergonomic}
   size_t SoftMaxHeapSize                          = 2147483648                             {manageable} {ergonomic}
     bool UseCompressedOops                        = true                           {product lp64_product} {ergonomic}
     bool UseG1GC                                  = true                                      {product} {ergonomic}
     bool UseLargePagesIndividualAllocation        = false                                  {pd product} {ergonomic}

Logging:
Log output configuration:
 #0: stdout all=warning uptime,level,tags foldmultilines=false
 #1: stderr all=off uptime,level,tags foldmultilines=false

Release file:
IMPLEMENTOR="Eclipse Adoptium" 
IMPLEMENTOR_VERSION="Temurin-21.0.10+7" 
JAVA_RUNTIME_VERSION="21.0.10+7-LTS" 
JAVA_VERSION="21.0.10" 
JAVA_VERSION_DATE="2026-01-20" 
LIBC="default" 
MODULES="java.base java.compiler java.datatransfer java.xml java.prefs java.desktop java.instrument java.logging java.management java.security.sasl java.naming java.rmi java.management.rmi java.net.http java.scripting java.security.jgss java.transaction.xa java.sql java.sql.rowset java.xml.crypto java.se java.smartcardio jdk.accessibility jdk.internal.jvmstat jdk.attach jdk.charsets jdk.internal.opt jdk.zipfs jdk.compiler jdk.crypto.ec jdk.crypto.cryptoki jdk.crypto.mscapi jdk.dynalink jdk.internal.ed jdk.editpad jdk.hotspot.agent jdk.httpserver jdk.incubator.vector jdk.internal.le jdk.internal.vm.ci jdk.internal.vm.compiler jdk.internal.vm.compiler.management jdk.jartool jdk.javadoc jdk.jcmd jdk.management jdk.management.agent jdk.jconsole jdk.jdeps jdk.jdwp.agent jdk.jdi jdk.jfr jdk.jlink jdk.jpackage jdk.jshell jdk.jsobject jdk.jstatd jdk.localedata jdk.management.jfr jdk.naming.dns jdk.naming.rmi jdk.net jdk.nio.mapmode jdk.random jdk.sctp jdk.security.auth jdk.security.jgss jdk.unsupported jdk.unsupported.desktop jdk.xml.dom" 
OS_ARCH="x86_64" 
OS_NAME="Windows" 
SOURCE=".:git:a633eafe0fcc" 
BUILD_SOURCE="git:458965074606f027bd5afce2cfd5c1055dea0438"
BUILD_SOURCE_REPO="https://github.com/adoptium/temurin-build.git"
SOURCE_REPO="https://github.com/adoptium/jdk21u.git"
FULL_VERSION="21.0.10+7-LTS"
SEMANTIC_VERSION="21.0.10+7"
BUILD_INFO="OS: Windows Server 2022 Version: 10.0"
JVM_VARIANT="Hotspot"
JVM_VERSION="21.0.10+7-LTS"
IMAGE_TYPE="JDK"

Environment Variables:
JAVA_HOME=C:\Program Files\Eclipse Adoptium\jdk-21.0.10.7-hotspot\
PATH=C:\Users\5PRO\.codex\tmp\arg0\codex-arg01fjflJ;C:\Users\5PRO\.cache\codex-runtimes\codex-primary-runtime\dependencies\bin\override;C:\Program Files (x86)\VMware\VMware Workstation\bin\;C:\Program Files\Eclipse Adoptium\jdk-21.0.10.7-hotspot\bin;C:\WINDOWS\system32;C:\WINDOWS;C:\WINDOWS\System32\Wbem;C:\WINDOWS\System32\WindowsPowerShell\v1.0\;C:\WINDOWS\System32\OpenSSH\;C:\Program Files\NVIDIA Corporation\NVIDIA NvDLISR;C:\Program Files\TortoiseGit\bin;C:\Program Files (x86)\Microsoft SQL Server\160\Tools\Binn\;C:\Program Files\Microsoft SQL Server\160\Tools\Binn\;C:\Program Files\Microsoft SQL Server\Client SDK\ODBC\170\Tools\Binn\;C:\Program Files\Microsoft SQL Server\160\DTS\Binn\;C:\Program Files\MySQL\MySQL Server 8.0\bin;C:\Program Files\nodejs\;C:\Program Files\Git\cmd;C:\Program Files\dotnet\;C:\Program Files\maven\apache-maven-3.9.12\bin;C:\Program Files\Docker\Docker\resources\bin;C:\Program Files\Microsoft SQL Server\170\Tools\Binn\;C:\Users\5PRO\.local\bin;C:\Users\5PRO\AppData\Local\Programs\Python\Python314\Scripts\;C:\Users\5PRO\AppData\Local\Programs\Python\Python314\;C:\Users\5PRO\AppData\Local\Microsoft\WindowsApps;C:\xampp\php;C:\Program Files\Android\Android Studio1\jbr\bin;C:\Users\5PRO\AppData\Local\Programs\Python\Python313\;C:\Users\5PRO\AppData\Local\Programs\Python\Python313\Scripts\;C:\Users\5PRO\AppData\Roaming\npm;C:\Users\5PRO\AppData\Local\Programs\MiKTeX\miktex\bin\x64\;C:\flutter\bin;C:\Users\5PRO\AppData\Local\Programs\Microsoft VS Code\bin;C:\Users\5PRO\AppData\Local\Programs\Antigravity\bin;C:\Users\5PRO\ffmpeg-8.1-essentials_build\bin;C:\Users\5PRO\AppData\Local\Programs\Ollama;C:\Users\5PRO\AppData\Local\Programs\cursor\resources\app\bin;C:\Users\5PRO\AppData\Local\Programs\Kiro\bin;C:\Users\5PRO\AppData\Local\Programs\Antigravity IDE\bin;C:\Users\5PRO\.dotnet\tools;C:\Users\5PRO\AppData\Local\Kingsoft\WPS Office\12.1.0.27458\clitool;C:\Users\5PRO\.cache\codex-runtimes\codex-primary-runtime\dependencies\bin\fallback;C:\Users\5PRO\.cache\codex-runtimes\codex-primary-runtime\dependencies\native\git\cmd;C:\Users\5PRO\AppData\Local\OpenAI\Codex\bin\2e371a028d4fba76;C:\Program Files\WindowsApps\OpenAI.Codex_26.803.10989.0_x64__2p2nqsd0c76g0\app\resources
USERNAME=5PRO
LANG=C.UTF-8
LC_ALL=C.UTF-8
LC_CTYPE=C.UTF-8
TERM=dumb
OS=Windows_NT
PROCESSOR_IDENTIFIER=Intel64 Family 6 Model 191 Stepping 2, GenuineIntel
TMP=C:\Users\5PRO\AppData\Local\Temp
TEMP=C:\Users\5PRO\AppData\Local\Temp




Periodic native trim disabled

---------------  S Y S T E M  ---------------

OS:
 Windows 11 , 64 bit Build 26100 (10.0.26100.9168)
OS uptime: 3 days 22:30 hours
Hyper-V role detected

CPU: total 20 (initial active 20) (10 cores per cpu, 2 threads per core) family 6 model 191 stepping 2 microcode 0x3a, cx8, cmov, fxsr, ht, mmx, 3dnowpref, sse, sse2, sse3, ssse3, sse4.1, sse4.2, popcnt, lzcnt, tsc, tscinvbit, avx, avx2, aes, erms, clmul, bmi1, bmi2, adx, sha, fma, vzeroupper, clflush, clflushopt, clwb, hv, serialize, rdtscp, rdpid, fsrm, f16c, cet_ibt, cet_ss
Processor Information for the first 20 processors :
  Max Mhz: 2500, Current Mhz: 2500, Mhz Limit: 2500

Memory: 4k page, system-wide physical 16123M (686M free)
TotalPageFile size 48891M (AvailPageFile size 13M)
current process WorkingSet (physical memory assigned to process): 754M, peak: 768M
current process commit charge ("private bytes"): 873M, peak: 885M

vm_info: OpenJDK 64-Bit Server VM (21.0.10+7-LTS) for windows-amd64 JRE (21.0.10+7-LTS), built on 2026-01-20T00:00:00Z by "admin" with MS VC++ 17.12 (VS2022)

END.
